Nomor,Kabupaten,Latitude,Longitude,Status,Dimensi,File
SAROLANGUN-BATANG ASAI-BATU EMPANG-013,SAROLANGUN,-2.62936,102.23502,FILE HILANG,,D__011. ESDM_Penerangan Jalan Umum Tenaga Surya 2026_2026_03. Foto_SAROLANGUN-BATANG ASAI-BATU EMPANG-013.jpg
SAROLANGUN-BATANG ASAI-BATU EMPANG-014,SAROLANGUN,-2.62907,102.23534,FILE HILANG,,D__011. ESDM_Penerangan Jalan Umum Tenaga Surya 2026_2026_03. Foto_SAROLANGUN-BATANG ASAI-BATU EMPANG-014.jpg
SAROLANGUN-BATANG ASAI-BATU EMPANG-015,SAROLANGUN,-2.62874,102.23565,FILE HILANG,,D__011. ESDM_Penerangan Jalan Umum Tenaga Surya 2026_2026_03. Foto_SAROLANGUN-BATANG ASAI-BATU EMPANG-015.jpg
TEBO-TEBO TENGAH-MANGUN JAYO-007,TEBO,-1.48778,102.45038,FILE HILANG,,D__011. ESDM_Penerangan Jalan Umum Tenaga Surya 2026_2026_03. Foto_TEBO-TEBO TENGAH-MANGUN JAYO-007.jpg
KERINCI-AIR HANGAT TIMUR-KEMANTAN MUDIK-001,KERINCI,-1.98776,101.39072,RESOLUSI RENDAH,658x878,D__011. ESDM_Penerangan Jalan Umum Tenaga Surya 2026_2026_03. Foto_KERINCI-AIR HANGAT TIMUR-KEMANTAN MUDIK-001.jpg
KERINCI-AIR HANGAT TIMUR-KEMANTAN MUDIK-002,KERINCI,-1.989093,101.391252,RESOLUSI RENDAH,658x878,D__011. ESDM_Penerangan Jalan Umum Tenaga Surya 2026_2026_03. Foto_KERINCI-AIR HANGAT TIMUR-KEMANTAN MUDIK-002.jpg
KERINCI-AIR HANGAT TIMUR-KEMANTAN MUDIK-003,KERINCI,-1.988405,101.391993,RESOLUSI RENDAH,658x878,D__011. ESDM_Penerangan Jalan Umum Tenaga Surya 2026_2026_03. Foto_KERINCI-AIR HANGAT TIMUR-KEMANTAN MUDIK-003.jpg
KERINCI-AIR HANGAT TIMUR-KEMANTAN MUDIK-004,KERINCI,-1.98922,101.391723,RESOLUSI RENDAH,658x878,D__011. ESDM_Penerangan Jalan Umum Tenaga Surya 2026_2026_03. Foto_KERINCI-AIR HANGAT TIMUR-KEMANTAN MUDIK-004.jpg
KERINCI-AIR HANGAT-HAMPARAN PUGU-001,KERINCI,-1.983964,101.367045,RESOLUSI RENDAH,597x797,D__011. ESDM_Penerangan Jalan Umum Tenaga Surya 2026_2026_03. Foto_KERINCI-AIR HANGAT-HAMPARAN PUGU-001.jpg
KERINCI-AIR HANGAT-HAMPARAN PUGU-002,KERINCI,-1.981636,101.364084,RESOLUSI RENDAH,597x797,D__011. ESDM_Penerangan Jalan Umum Tenaga Surya 2026_2026_03. Foto_KERINCI-AIR HANGAT-HAMPARAN PUGU-002.jpg
KERINCI-AIR HANGAT-KOTO DUA LAMA-001,KERINCI,-1.987493,101.379473,RESOLUSI RENDAH,658x878,D__011. ESDM_Penerangan Jalan Umum Tenaga Surya 2026_2026_03. Foto_KERINCI-AIR HANGAT-KOTO DUA LAMA-001.jpg
KERINCI-AIR HANGAT-KOTO DUA LAMA-002,KERINCI,-1.986653,101.380708,RESOLUSI RENDAH,597x797,D__011. ESDM_Penerangan Jalan Umum Tenaga Surya 2026_2026_03. Foto_KERINCI-AIR HANGAT-KOTO DUA LAMA-002.jpg
KERINCI-GUNUNG TUJUH-JERNIH JAYA-001,KERINCI,-1.725176,101.339808,RESOLUSI RENDAH,597x797,D__011. ESDM_Penerangan Jalan Umum Tenaga Surya 2026_2026_03. Foto_KERINCI-GUNUNG TUJUH-JERNIH JAYA-001.jpg
KERINCI-GUNUNG TUJUH-JERNIH JAYA-002,KERINCI,-1.722977,101.340924,RESOLUSI RENDAH,597x797,D__011. ESDM_Penerangan Jalan Umum Tenaga Surya 2026_2026_03. Foto_KERINCI-GUNUNG TUJUH-JERNIH JAYA-002.jpg
KERINCI-GUNUNG TUJUH-TELUN BERASAP-001,KERINCI,-1.69861,101.344982,RESOLUSI RENDAH,658x878,D__011. ESDM_Penerangan Jalan Umum Tenaga Surya 2026_2026_03. Foto_KERINCI-GUNUNG TUJUH-TELUN BERASAP-001.jpg
KERINCI-SIULAK MUKAI-KOTO LUAR-001,KERINCI,-1.97044,101.361853,RESOLUSI RENDAH,658x878,D__011. ESDM_Penerangan Jalan Umum Tenaga Surya 2026_2026_03. Foto_KERINCI-SIULAK MUKAI-KOTO LUAR-001.jpg
KERINCI-SIULAK MUKAI-KOTO LUAR-002,KERINCI,-1.97075,101.362343,RESOLUSI RENDAH,658x878,D__011. ESDM_Penerangan Jalan Umum Tenaga Surya 2026_2026_03. Foto_KERINCI-SIULAK MUKAI-KOTO LUAR-002.jpg
KERINCI-SIULAK MUKAI-TALANG TINGGI-002,KERINCI,-1.947441,101.35123,RESOLUSI RENDAH,658x878,D__011. ESDM_Penerangan Jalan Umum Tenaga Surya 2026_2026_03. Foto_KERINCI-SIULAK MUKAI-TALANG TINGGI-002.jpg
KERINCI-SIULAK MUKAI-TALANG TINGGI-003,KERINCI,-1.94806,101.351709,RESOLUSI RENDAH,658x878,D__011. ESDM_Penerangan Jalan Umum Tenaga Surya 2026_2026_03. Foto_KERINCI-SIULAK MUKAI-TALANG TINGGI-003.jpg
KERINCI-SIULAK MUKAI-TALANG TINGGI-004,KERINCI,-1.948468,101.351262,RESOLUSI RENDAH,658x878,D__011. ESDM_Penerangan Jalan Umum Tenaga Surya 2026_2026_03. Foto_KERINCI-SIULAK MUKAI-TALANG TINGGI-004.jpg
KERINCI-SIULAK MUKAI-TALANG TINGGI-005,KERINCI,-1.94806,101.351709,RESOLUSI RENDAH,658x878,D__011. ESDM_Penerangan Jalan Umum Tenaga Surya 2026_2026_03. Foto_KERINCI-SIULAK MUKAI-TALANG TINGGI-005.jpg
KERINCI-SIULAK MUKAI-TALANG TINGGI-006,KERINCI,-1.948128,101.352582,RESOLUSI RENDAH,597x797,D__011. ESDM_Penerangan Jalan Umum Tenaga Surya 2026_2026_03. Foto_KERINCI-SIULAK MUKAI-TALANG TINGGI-006.jpg
KERINCI-SIULAK-MUKAI TINGGI-001,KERINCI,-1.951342,101.349734,RESOLUSI RENDAH,658x878,D__011. ESDM_Penerangan Jalan Umum Tenaga Surya 2026_2026_03. Foto_KERINCI-SIULAK-MUKAI TINGGI-001.jpg
KERINCI-SIULAK-MUKAI TINGGI-002,KERINCI,-1.951272,101.34843,RESOLUSI RENDAH,658x878,D__011. ESDM_Penerangan Jalan Umum Tenaga Surya 2026_2026_03. Foto_KERINCI-SIULAK-MUKAI TINGGI-002.jpg
KERINCI-SIULAK-MUKAI TINGGI-003,KERINCI,-1.950214,101.350547,RESOLUSI RENDAH,658x878,D__011. ESDM_Penerangan Jalan Umum Tenaga Surya 2026_2026_03. Foto_KERINCI-SIULAK-MUKAI TINGGI-003.jpg
KERINCI-SIULAK-MUKAI TINGGI-004,KERINCI,-1.949663,101.348821,RESOLUSI RENDAH,658x878,D__011. ESDM_Penerangan Jalan Umum Tenaga Surya 2026_2026_03. Foto_KERINCI-SIULAK-MUKAI TINGGI-004.jpg
KERINCI-SIULAK-TALANG TINGGI-001,KERINCI,-1.946661,101.351218,RESOLUSI RENDAH,658x878,D__011. ESDM_Penerangan Jalan Umum Tenaga Surya 2026_2026_03. Foto_KERINCI-SIULAK-TALANG TINGGI-001.jpg
KOTA JAMBI-KOTA BARU-KENALI BESAR-006,KOTA JAMBI,-1.630748,103.542243,RESOLUSI RENDAH,436x582,D__011. ESDM_Penerangan Jalan Umum Tenaga Surya 2026_2026_03. Foto_KOTA JAMBI-KOTA BARU-KENALI BESAR-006.jpg
KOTA JAMBI-KOTA BARU-KENALI BESAR-007,KOTA JAMBI,-1.630238,103.542318,RESOLUSI RENDAH,436x582,D__011. ESDM_Penerangan Jalan Umum Tenaga Surya 2026_2026_03. Foto_KOTA JAMBI-KOTA BARU-KENALI BESAR-007.jpg
KOTA JAMBI-KOTA BARU-KENALI BESAR-008,KOTA JAMBI,-1.631125,103.542007,RESOLUSI RENDAH,436x582,D__011. ESDM_Penerangan Jalan Umum Tenaga Surya 2026_2026_03. Foto_KOTA JAMBI-KOTA BARU-KENALI BESAR-008.jpg
KOTA JAMBI-KOTA BARU-KENALI BESAR-009,KOTA JAMBI,-1.631492,103.542006,RESOLUSI RENDAH,436x582,D__011. ESDM_Penerangan Jalan Umum Tenaga Surya 2026_2026_03. Foto_KOTA JAMBI-KOTA BARU-KENALI BESAR-009.jpg
KOTA JAMBI-KOTA BARU-RAWA SARI-001,KOTA JAMBI,-1.620498,103.568173,RESOLUSI RENDAH,436x582,D__011. ESDM_Penerangan Jalan Umum Tenaga Surya 2026_2026_03. Foto_KOTA JAMBI-KOTA BARU-RAWA SARI-001.jpg
KOTA JAMBI-KOTA BARU-RAWA SARI-002,KOTA JAMBI,-1.620695,103.56845,RESOLUSI RENDAH,436x582,D__011. ESDM_Penerangan Jalan Umum Tenaga Surya 2026_2026_03. Foto_KOTA JAMBI-KOTA BARU-RAWA SARI-002.jpg
KOTA JAMBI-KOTA BARU-RAWA SARI-003,KOTA JAMBI,-1.622755,103.568193,RESOLUSI RENDAH,436x582,D__011. ESDM_Penerangan Jalan Umum Tenaga Surya 2026_2026_03. Foto_KOTA JAMBI-KOTA BARU-RAWA SARI-003.jpg
KOTA JAMBI-KOTA BARU-RAWA SARI-004,KOTA JAMBI,-1.62358,103.568305,RESOLUSI RENDAH,436x582,D__011. ESDM_Penerangan Jalan Umum Tenaga Surya 2026_2026_03. Foto_KOTA JAMBI-KOTA BARU-RAWA SARI-004.jpg
KOTA JAMBI-KOTA BARU-RAWA SARI-005,KOTA JAMBI,-1.624077,103.568467,RESOLUSI RENDAH,436x582,D__011. ESDM_Penerangan Jalan Umum Tenaga Surya 2026_2026_03. Foto_KOTA JAMBI-KOTA BARU-RAWA SARI-005.jpg
KOTA JAMBI-KOTA BARU-RAWA SARI-006,KOTA JAMBI,-1.624435,103.567632,RESOLUSI RENDAH,436x582,D__011. ESDM_Penerangan Jalan Umum Tenaga Surya 2026_2026_03. Foto_KOTA JAMBI-KOTA BARU-RAWA SARI-006.jpg
KOTA JAMBI-KOTA BARU-RAWA SARI-007,KOTA JAMBI,-1.624822,103.56707,RESOLUSI RENDAH,436x582,D__011. ESDM_Penerangan Jalan Umum Tenaga Surya 2026_2026_03. Foto_KOTA JAMBI-KOTA BARU-RAWA SARI-007.jpg
KOTA JAMBI-KOTA BARU-RAWA SARI-008,KOTA JAMBI,-1.62167,103.567165,RESOLUSI RENDAH,436x582,D__011. ESDM_Penerangan Jalan Umum Tenaga Surya 2026_2026_03. Foto_KOTA JAMBI-KOTA BARU-RAWA SARI-008.jpg
KOTA JAMBI-KOTA BARU-RAWA SARI-009,KOTA JAMBI,-1.621085,103.565935,RESOLUSI RENDAH,436x582,D__011. ESDM_Penerangan Jalan Umum Tenaga Surya 2026_2026_03. Foto_KOTA JAMBI-KOTA BARU-RAWA SARI-009.jpg
KOTA JAMBI-KOTA BARU-RAWA SARI-010,KOTA JAMBI,-1.621357,103.566805,RESOLUSI RENDAH,436x582,D__011. ESDM_Penerangan Jalan Umum Tenaga Surya 2026_2026_03. Foto_KOTA JAMBI-KOTA BARU-RAWA SARI-010.jpg
MUARO BUNGO-TANAH TUMBUH-LUBUK NIUR-001,MUARO BUNGO,-1.431015,101.881126,RESOLUSI RENDAH,1024x575,D__011. ESDM_Penerangan Jalan Umum Tenaga Surya 2026_2026_03. Foto_MUARO BUNGO-TANAH TUMBUH-LUBUK NIUR-001.jpg
TEBO-MUARA TABIR-PINTAS TUO-001,TEBO,-1.6412,102.56526,RESOLUSI RENDAH,436x582,D__011. ESDM_Penerangan Jalan Umum Tenaga Surya 2026_2026_03. Foto_TEBO-MUARA TABIR-PINTAS TUO-001.jpg
TEBO-MUARA TABIR-PINTAS TUO-003,TEBO,-1.644417,102.559908,RESOLUSI RENDAH,436x582,D__011. ESDM_Penerangan Jalan Umum Tenaga Surya 2026_2026_03. Foto_TEBO-MUARA TABIR-PINTAS TUO-003.jpg
TEBO-MUARA TABIR-PINTAS TUO-004,TEBO,-1.654033,102.554909,RESOLUSI RENDAH,436x582,D__011. ESDM_Penerangan Jalan Umum Tenaga Surya 2026_2026_03. Foto_TEBO-MUARA TABIR-PINTAS TUO-004.jpg
TEBO-MUARA TABIR-PINTAS TUO-005,TEBO,-1.65573,102.553443,RESOLUSI RENDAH,436x582,D__011. ESDM_Penerangan Jalan Umum Tenaga Surya 2026_2026_03. Foto_TEBO-MUARA TABIR-PINTAS TUO-005.jpg
TEBO-MUARA TABIR-PINTAS TUO-006,TEBO,-1.65573,102.553443,RESOLUSI RENDAH,436x582,D__011. ESDM_Penerangan Jalan Umum Tenaga Surya 2026_2026_03. Foto_TEBO-MUARA TABIR-PINTAS TUO-006.jpg
TEBO-MUARA TABIR-PINTAS TUO-007,TEBO,-1.65495,102.55072,RESOLUSI RENDAH,436x582,D__011. ESDM_Penerangan Jalan Umum Tenaga Surya 2026_2026_03. Foto_TEBO-MUARA TABIR-PINTAS TUO-007.jpg
TEBO-MUARA TABIR-PINTAS TUO-008,TEBO,-1.654677,102.550372,RESOLUSI RENDAH,436x582,D__011. ESDM_Penerangan Jalan Umum Tenaga Surya 2026_2026_03. Foto_TEBO-MUARA TABIR-PINTAS TUO-008.jpg
TEBO-MUARA TABIR-PINTAS TUO-009,TEBO,-1.654082,102.550344,RESOLUSI RENDAH,436x582,D__011. ESDM_Penerangan Jalan Umum Tenaga Surya 2026_2026_03. Foto_TEBO-MUARA TABIR-PINTAS TUO-009.jpg
TEBO-MUARA TABIR-PINTAS TUO-010,TEBO,-1.653668,102.549722,RESOLUSI RENDAH,436x582,D__011. ESDM_Penerangan Jalan Umum Tenaga Surya 2026_2026_03. Foto_TEBO-MUARA TABIR-PINTAS TUO-010.jpg
TEBO-TEBO TENGAH-BEDARO RAMPAK-003,TEBO,-1.46045,102.44289,RESOLUSI RENDAH,477x559,D__011. ESDM_Penerangan Jalan Umum Tenaga Surya 2026_2026_03. Foto_TEBO-TEBO TENGAH-BEDARO RAMPAK-003.jpg
BATANG HARI-PEMAYUNG-PULAU BETUNG-001,BATANG HARI,-1.56049,103.42972,THUMBNAIL,210x165,D__011. ESDM_Penerangan Jalan Umum Tenaga Surya 2026_2026_03. Foto_BATANG HARI-PEMAYUNG-PULAU BETUNG-001.jpg
BATANG HARI-PEMAYUNG-PULAU BETUNG-002,BATANG HARI,-1.56117,103.42535,THUMBNAIL,210x165,D__011. ESDM_Penerangan Jalan Umum Tenaga Surya 2026_2026_03. Foto_BATANG HARI-PEMAYUNG-PULAU BETUNG-002.jpg
BATANG HARI-PEMAYUNG-PULAU BETUNG-003,BATANG HARI,-1.56128,103.42146,THUMBNAIL,210x165,D__011. ESDM_Penerangan Jalan Umum Tenaga Surya 2026_2026_03. Foto_BATANG HARI-PEMAYUNG-PULAU BETUNG-003.jpg
BATANG HARI-PEMAYUNG-PULAU BETUNG-004,BATANG HARI,-1.56144,103.42243,THUMBNAIL,210x165,D__011. ESDM_Penerangan Jalan Umum Tenaga Surya 2026_2026_03. Foto_BATANG HARI-PEMAYUNG-PULAU BETUNG-004.jpg
BATANG HARI-PEMAYUNG-PULAU BETUNG-005,BATANG HARI,-1.56395,103.42296,THUMBNAIL,210x165,D__011. ESDM_Penerangan Jalan Umum Tenaga Surya 2026_2026_03. Foto_BATANG HARI-PEMAYUNG-PULAU BETUNG-005.jpg
BATANG HARI-PEMAYUNG-PULAU BETUNG-006,BATANG HARI,-1.56395,103.42296,THUMBNAIL,210x165,D__011. ESDM_Penerangan Jalan Umum Tenaga Surya 2026_2026_03. Foto_BATANG HARI-PEMAYUNG-PULAU BETUNG-006.jpg
BATANG HARI-PEMAYUNG-PULAU BETUNG-007,BATANG HARI,-1.56633,103.42276,THUMBNAIL,210x165,D__011. ESDM_Penerangan Jalan Umum Tenaga Surya 2026_2026_03. Foto_BATANG HARI-PEMAYUNG-PULAU BETUNG-007.jpg
BATANG HARI-PEMAYUNG-PULAU BETUNG-008,BATANG HARI,-1.56712,103.42244,THUMBNAIL,210x165,D__011. ESDM_Penerangan Jalan Umum Tenaga Surya 2026_2026_03. Foto_BATANG HARI-PEMAYUNG-PULAU BETUNG-008.jpg
BATANG HARI-PEMAYUNG-PULAU BETUNG-009,BATANG HARI,-1.56845,103.42215,THUMBNAIL,210x165,D__011. ESDM_Penerangan Jalan Umum Tenaga Surya 2026_2026_03. Foto_BATANG HARI-PEMAYUNG-PULAU BETUNG-009.jpg
BATANG HARI-PEMAYUNG-PULAU BETUNG-010,BATANG HARI,-1.5704,103.42202,THUMBNAIL,210x165,D__011. ESDM_Penerangan Jalan Umum Tenaga Surya 2026_2026_03. Foto_BATANG HARI-PEMAYUNG-PULAU BETUNG-010.jpg
BATANG HARI-PEMAYUNG-PULAU BETUNG-011,BATANG HARI,-1.57124,103.42299,THUMBNAIL,210x165,D__011. ESDM_Penerangan Jalan Umum Tenaga Surya 2026_2026_03. Foto_BATANG HARI-PEMAYUNG-PULAU BETUNG-011.jpg
BATANG HARI-PEMAYUNG-PULAU BETUNG-012,BATANG HARI,-1.57316,103.42425,THUMBNAIL,210x165,D__011. ESDM_Penerangan Jalan Umum Tenaga Surya 2026_2026_03. Foto_BATANG HARI-PEMAYUNG-PULAU BETUNG-012.jpg
BATANG HARI-PEMAYUNG-PULAU BETUNG-013,BATANG HARI,-1.58388,103.42684,THUMBNAIL,210x165,D__011. ESDM_Penerangan Jalan Umum Tenaga Surya 2026_2026_03. Foto_BATANG HARI-PEMAYUNG-PULAU BETUNG-013.jpg
BATANG HARI-PEMAYUNG-PULAU BETUNG-014,BATANG HARI,-1.56094,103.42049,THUMBNAIL,210x165,D__011. ESDM_Penerangan Jalan Umum Tenaga Surya 2026_2026_03. Foto_BATANG HARI-PEMAYUNG-PULAU BETUNG-014.jpg
BATANG HARI-PEMAYUNG-PULAU BETUNG-015,BATANG HARI,-1.56134,103.41836,THUMBNAIL,210x165,D__011. ESDM_Penerangan Jalan Umum Tenaga Surya 2026_2026_03. Foto_BATANG HARI-PEMAYUNG-PULAU BETUNG-015.jpg
BATANG HARI-PEMAYUNG-TELUK KETAPANG-001,BATANG HARI,-1.55318,103.37842,THUMBNAIL,210x165,D__011. ESDM_Penerangan Jalan Umum Tenaga Surya 2026_2026_03. Foto_BATANG HARI-PEMAYUNG-TELUK KETAPANG-001.jpg
BATANG HARI-PEMAYUNG-TELUK KETAPANG-002,BATANG HARI,-1.55242,103.36575,THUMBNAIL,210x165,D__011. ESDM_Penerangan Jalan Umum Tenaga Surya 2026_2026_03. Foto_BATANG HARI-PEMAYUNG-TELUK KETAPANG-002.jpg
BATANG HARI-PEMAYUNG-TELUK KETAPANG-003,BATANG HARI,-1.54786,103.37227,THUMBNAIL,210x165,D__011. ESDM_Penerangan Jalan Umum Tenaga Surya 2026_2026_03. Foto_BATANG HARI-PEMAYUNG-TELUK KETAPANG-003.jpg
BATANG HARI-PEMAYUNG-TURE-001,BATANG HARI,-1.55309,103.4023,THUMBNAIL,210x165,D__011. ESDM_Penerangan Jalan Umum Tenaga Surya 2026_2026_03. Foto_BATANG HARI-PEMAYUNG-TURE-001.jpg
BATANG HARI-PEMAYUNG-TURE-002,BATANG HARI,-1.56185,103.41712,THUMBNAIL,210x165,D__011. ESDM_Penerangan Jalan Umum Tenaga Surya 2026_2026_03. Foto_BATANG HARI-PEMAYUNG-TURE-002.jpg
BATANG HARI-PEMAYUNG-TURE-003,BATANG HARI,-1.56183,103.41593,THUMBNAIL,210x165,D__011. ESDM_Penerangan Jalan Umum Tenaga Surya 2026_2026_03. Foto_BATANG HARI-PEMAYUNG-TURE-003.jpg
BATANG HARI-PEMAYUNG-TURE-004,BATANG HARI,-1.56092,103.4142,THUMBNAIL,210x165,D__011. ESDM_Penerangan Jalan Umum Tenaga Surya 2026_2026_03. Foto_BATANG HARI-PEMAYUNG-TURE-004.jpg
BATANG HARI-PEMAYUNG-TURE-005,BATANG HARI,-1.55841,103.40916,THUMBNAIL,210x165,D__011. ESDM_Penerangan Jalan Umum Tenaga Surya 2026_2026_03. Foto_BATANG HARI-PEMAYUNG-TURE-005.jpg
BATANG HARI-PEMAYUNG-TURE-006,BATANG HARI,-1.55741,103.4083,THUMBNAIL,210x165,D__011. ESDM_Penerangan Jalan Umum Tenaga Surya 2026_2026_03. Foto_BATANG HARI-PEMAYUNG-TURE-006.jpg
BATANG HARI-PEMAYUNG-TURE-007,BATANG HARI,-1.55418,103.40484,THUMBNAIL,210x165,D__011. ESDM_Penerangan Jalan Umum Tenaga Surya 2026_2026_03. Foto_BATANG HARI-PEMAYUNG-TURE-007.jpg
BATANG HARI-PEMAYUNG-TURE-008,BATANG HARI,-1.55274,103.4037,THUMBNAIL,210x165,D__011. ESDM_Penerangan Jalan Umum Tenaga Surya 2026_2026_03. Foto_BATANG HARI-PEMAYUNG-TURE-008.jpg
BATANG HARI-PEMAYUNG-TURE-009,BATANG HARI,-1.55166,103.40273,THUMBNAIL,210x165,D__011. ESDM_Penerangan Jalan Umum Tenaga Surya 2026_2026_03. Foto_BATANG HARI-PEMAYUNG-TURE-009.jpg
BATANG HARI-PEMAYUNG-TURE-010,BATANG HARI,-1.55215,103.39913,THUMBNAIL,210x165,D__011. ESDM_Penerangan Jalan Umum Tenaga Surya 2026_2026_03. Foto_BATANG HARI-PEMAYUNG-TURE-010.jpg
JAMBI-KOTA BARU-KENALI ASAM ATAS-002,JAMBI,-1.646821,103.60527,THUMBNAIL,210x166,D__011. ESDM_Penerangan Jalan Umum Tenaga Surya 2026_2026_03. Foto_JAMBI-KOTA BARU-KENALI ASAM ATAS-002.jpg
KOTA JAMBI-ALAM BARAJO-BAGAN PETE-001,KOTA JAMBI,-1.650502,103.55947,THUMBNAIL,302x240,D__011. ESDM_Penerangan Jalan Umum Tenaga Surya 2026_2026_03. Foto_KOTA JAMBI-ALAM BARAJO-BAGAN PETE-001.jpg
KOTA JAMBI-JAMBI TIMUR-KASANG JAYA-001,KOTA JAMBI,-1.58688,103.6299,THUMBNAIL,210x165,D__011. ESDM_Penerangan Jalan Umum Tenaga Surya 2026_2026_03. Foto_KOTA JAMBI-JAMBI TIMUR-KASANG JAYA-001.jpg
KOTA JAMBI-JAMBI TIMUR-KASANG JAYA-002,KOTA JAMBI,-1.58651,103.63131,THUMBNAIL,210x165,D__011. ESDM_Penerangan Jalan Umum Tenaga Surya 2026_2026_03. Foto_KOTA JAMBI-JAMBI TIMUR-KASANG JAYA-002.jpg
KOTA JAMBI-JAMBI TIMUR-KASANG JAYA-003,KOTA JAMBI,-1.58655,103.63146,THUMBNAIL,210x165,D__011. ESDM_Penerangan Jalan Umum Tenaga Surya 2026_2026_03. Foto_KOTA JAMBI-JAMBI TIMUR-KASANG JAYA-003.jpg
KOTA JAMBI-JAMBI TIMUR-KASANG JAYA-004,KOTA JAMBI,-1.58752,103.63023,THUMBNAIL,210x165,D__011. ESDM_Penerangan Jalan Umum Tenaga Surya 2026_2026_03. Foto_KOTA JAMBI-JAMBI TIMUR-KASANG JAYA-004.jpg
KOTA JAMBI-JAMBI TIMUR-KASANG JAYA-005,KOTA JAMBI,-1.58789,103.6307,THUMBNAIL,210x165,D__011. ESDM_Penerangan Jalan Umum Tenaga Surya 2026_2026_03. Foto_KOTA JAMBI-JAMBI TIMUR-KASANG JAYA-005.jpg
KOTA JAMBI-JAMBI TIMUR-KASANG JAYA-006,KOTA JAMBI,-1.5876,103.63046,THUMBNAIL,210x165,D__011. ESDM_Penerangan Jalan Umum Tenaga Surya 2026_2026_03. Foto_KOTA JAMBI-JAMBI TIMUR-KASANG JAYA-006.jpg
KOTA JAMBI-JAMBI TIMUR-KASANG JAYA-007,KOTA JAMBI,-1.58789,103.6307,THUMBNAIL,210x165,D__011. ESDM_Penerangan Jalan Umum Tenaga Surya 2026_2026_03. Foto_KOTA JAMBI-JAMBI TIMUR-KASANG JAYA-007.jpg
KOTA JAMBI-JAMBI TIMUR-KASANG-001,KOTA JAMBI,-1.58652,103.62039,THUMBNAIL,210x248,D__011. ESDM_Penerangan Jalan Umum Tenaga Surya 2026_2026_03. Foto_KOTA JAMBI-JAMBI TIMUR-KASANG-001.jpg
KOTA JAMBI-JAMBI TIMUR-KASANG-002,KOTA JAMBI,-1.58622,103.62037,THUMBNAIL,210x248,D__011. ESDM_Penerangan Jalan Umum Tenaga Surya 2026_2026_03. Foto_KOTA JAMBI-JAMBI TIMUR-KASANG-002.jpg
KOTA JAMBI-JAMBI TIMUR-KASANG-003,KOTA JAMBI,-1.58596,103.62131,THUMBNAIL,210x165,D__011. ESDM_Penerangan Jalan Umum Tenaga Surya 2026_2026_03. Foto_KOTA JAMBI-JAMBI TIMUR-KASANG-003.jpg
KOTA JAMBI-JAMBI TIMUR-KASANG-004,KOTA JAMBI,-1.58862,103.6262,THUMBNAIL,210x165,D__011. ESDM_Penerangan Jalan Umum Tenaga Surya 2026_2026_03. Foto_KOTA JAMBI-JAMBI TIMUR-KASANG-004.jpg
KOTA JAMBI-JAMBI TIMUR-SIJENJANG-001,KOTA JAMBI,-1.57993,103.63795,THUMBNAIL,210x165,D__011. ESDM_Penerangan Jalan Umum Tenaga Surya 2026_2026_03. Foto_KOTA JAMBI-JAMBI TIMUR-SIJENJANG-001.jpg
KOTA JAMBI-JAMBI TIMUR-SUNGAI ASAM-001,KOTA JAMBI,-1.59559,103.61843,THUMBNAIL,210x165,D__011. ESDM_Penerangan Jalan Umum Tenaga Surya 2026_2026_03. Foto_KOTA JAMBI-JAMBI TIMUR-SUNGAI ASAM-001.jpg
KOTA JAMBI-JAMBI TIMUR-SUNGAI ASAM-002,KOTA JAMBI,-1.59725,103.6193,THUMBNAIL,210x165,D__011. ESDM_Penerangan Jalan Umum Tenaga Surya 2026_2026_03. Foto_KOTA JAMBI-JAMBI TIMUR-SUNGAI ASAM-002.jpg
KOTA JAMBI-JAMBI TIMUR-TANJUNG PINANG-001,KOTA JAMBI,-1.5901,103.62886,THUMBNAIL,210x165,D__011. ESDM_Penerangan Jalan Umum Tenaga Surya 2026_2026_03. Foto_KOTA JAMBI-JAMBI TIMUR-TANJUNG PINANG-001.jpg
KOTA JAMBI-JAMBI TIMUR-TANJUNG PINANG-002,KOTA JAMBI,-1.59169,103.63118,THUMBNAIL,210x165,D__011. ESDM_Penerangan Jalan Umum Tenaga Surya 2026_2026_03. Foto_KOTA JAMBI-JAMBI TIMUR-TANJUNG PINANG-002.jpg
KOTA JAMBI-JAMBI TIMUR-TANJUNG PINANG-003,KOTA JAMBI,-1.59089,103.63237,THUMBNAIL,210x165,D__011. ESDM_Penerangan Jalan Umum Tenaga Surya 2026_2026_03. Foto_KOTA JAMBI-JAMBI TIMUR-TANJUNG PINANG-003.jpg
KOTA JAMBI-JAMBI TIMUR-TANJUNG PINANG-004,KOTA JAMBI,-1.59048,103.63073,THUMBNAIL,210x165,D__011. ESDM_Penerangan Jalan Umum Tenaga Surya 2026_2026_03. Foto_KOTA JAMBI-JAMBI TIMUR-TANJUNG PINANG-004.jpg
KOTA JAMBI-JAMBI TIMUR-TANJUNG PINANG-005,KOTA JAMBI,-1.59057,103.63077,THUMBNAIL,210x165,D__011. ESDM_Penerangan Jalan Umum Tenaga Surya 2026_2026_03. Foto_KOTA JAMBI-JAMBI TIMUR-TANJUNG PINANG-005.jpg
KOTA JAMBI-JAMBI TIMUR-TANJUNG PINANG-006,KOTA JAMBI,-1.59048,103.63073,THUMBNAIL,210x165,D__011. ESDM_Penerangan Jalan Umum Tenaga Surya 2026_2026_03. Foto_KOTA JAMBI-JAMBI TIMUR-TANJUNG PINANG-006.jpg
KOTA JAMBI-JAMBI TIMUR-TANJUNG PINANG-007,KOTA JAMBI,-1.5903,103.63074,THUMBNAIL,210x165,D__011. ESDM_Penerangan Jalan Umum Tenaga Surya 2026_2026_03. Foto_KOTA JAMBI-JAMBI TIMUR-TANJUNG PINANG-007.jpg
KOTA JAMBI-JAMBI TIMUR-TANJUNG SARI-001,KOTA JAMBI,-1.59007,103.63952,THUMBNAIL,210x165,D__011. ESDM_Penerangan Jalan Umum Tenaga Surya 2026_2026_03. Foto_KOTA JAMBI-JAMBI TIMUR-TANJUNG SARI-001.jpg
KOTA JAMBI-JAMBI TIMUR-TANJUNG SARI-002,KOTA JAMBI,-1.58858,103.64143,THUMBNAIL,210x165,D__011. ESDM_Penerangan Jalan Umum Tenaga Surya 2026_2026_03. Foto_KOTA JAMBI-JAMBI TIMUR-TANJUNG SARI-002.jpg
KOTA JAMBI-JAMBI TIMUR-TANJUNG SARI-003,KOTA JAMBI,-1.5891,103.64206,THUMBNAIL,210x165,D__011. ESDM_Penerangan Jalan Umum Tenaga Surya 2026_2026_03. Foto_KOTA JAMBI-JAMBI TIMUR-TANJUNG SARI-003.jpg
KOTA JAMBI-KOTA BARU-KENALI ASAM ATAS-001,KOTA JAMBI,-1.64703,103.60591,THUMBNAIL,210x165,D__011. ESDM_Penerangan Jalan Umum Tenaga Surya 2026_2026_03. Foto_KOTA JAMBI-KOTA BARU-KENALI ASAM ATAS-001.jpg
KOTA JAMBI-KOTA BARU-KENALI ASAM ATAS-009,KOTA JAMBI,-1.65233,103.59918,THUMBNAIL,210x165,D__011. ESDM_Penerangan Jalan Umum Tenaga Surya 2026_2026_03. Foto_KOTA JAMBI-KOTA BARU-KENALI ASAM ATAS-009.jpg
KOTA JAMBI-KOTA BARU-KENALI ASAM ATAS-010,KOTA JAMBI,-1.65285,103.59082,THUMBNAIL,210x165,D__011. ESDM_Penerangan Jalan Umum Tenaga Surya 2026_2026_03. Foto_KOTA JAMBI-KOTA BARU-KENALI ASAM ATAS-010.jpg
KOTA JAMBI-KOTA BARU-KENALI ASAM ATAS-011,KOTA JAMBI,-1.65084,103.59046,THUMBNAIL,210x165,D__011. ESDM_Penerangan Jalan Umum Tenaga Surya 2026_2026_03. Foto_KOTA JAMBI-KOTA BARU-KENALI ASAM ATAS-011.jpg
KOTA JAMBI-KOTA BARU-KENALI ASAM BAWAH-003,KOTA JAMBI,-1.66423,103.60569,THUMBNAIL,210x165,D__011. ESDM_Penerangan Jalan Umum Tenaga Surya 2026_2026_03. Foto_KOTA JAMBI-KOTA BARU-KENALI ASAM BAWAH-003.jpg
KOTA JAMBI-KOTA BARU-KENALI ASAM BAWAH-004,KOTA JAMBI,-1.66433,103.60616,THUMBNAIL,210x165,D__011. ESDM_Penerangan Jalan Umum Tenaga Surya 2026_2026_03. Foto_KOTA JAMBI-KOTA BARU-KENALI ASAM BAWAH-004.jpg
KOTA JAMBI-KOTA BARU-KENALI ASAM BAWAH-005,KOTA JAMBI,-1.66564,103.60616,THUMBNAIL,210x165,D__011. ESDM_Penerangan Jalan Umum Tenaga Surya 2026_2026_03. Foto_KOTA JAMBI-KOTA BARU-KENALI ASAM BAWAH-005.jpg
KOTA JAMBI-KOTA BARU-KENALI ASAM BAWAH-006,KOTA JAMBI,-1.6653,103.60761,THUMBNAIL,210x165,D__011. ESDM_Penerangan Jalan Umum Tenaga Surya 2026_2026_03. Foto_KOTA JAMBI-KOTA BARU-KENALI ASAM BAWAH-006.jpg
KOTA JAMBI-KOTA BARU-KENALI ASAM BAWAH-007,KOTA JAMBI,-1.66479,103.60668,THUMBNAIL,210x165,D__011. ESDM_Penerangan Jalan Umum Tenaga Surya 2026_2026_03. Foto_KOTA JAMBI-KOTA BARU-KENALI ASAM BAWAH-007.jpg
KOTA JAMBI-KOTA BARU-KENALI ASAM BAWAH-008,KOTA JAMBI,-1.66493,103.60732,THUMBNAIL,210x165,D__011. ESDM_Penerangan Jalan Umum Tenaga Surya 2026_2026_03. Foto_KOTA JAMBI-KOTA BARU-KENALI ASAM BAWAH-008.jpg
KOTA JAMBI-KOTA BARU-KENALI ASAM-002,KOTA JAMBI,-1.64779,103.59406,THUMBNAIL,210x248,D__011. ESDM_Penerangan Jalan Umum Tenaga Surya 2026_2026_03. Foto_KOTA JAMBI-KOTA BARU-KENALI ASAM-002.jpg
KOTA JAMBI-KOTA BARU-KENALI BESAR-001,KOTA JAMBI,-1.62605,103.54989,THUMBNAIL,210x165,D__011. ESDM_Penerangan Jalan Umum Tenaga Surya 2026_2026_03. Foto_KOTA JAMBI-KOTA BARU-KENALI BESAR-001.jpg
KOTA JAMBI-KOTA BARU-KENALI BESAR-002,KOTA JAMBI,-1.62746,103.55002,THUMBNAIL,210x166,D__011. ESDM_Penerangan Jalan Umum Tenaga Surya 2026_2026_03. Foto_KOTA JAMBI-KOTA BARU-KENALI BESAR-002.jpg
KOTA JAMBI-KOTA BARU-KENALI BESAR-003,KOTA JAMBI,-1.61812,103.55457,THUMBNAIL,210x165,D__011. ESDM_Penerangan Jalan Umum Tenaga Surya 2026_2026_03. Foto_KOTA JAMBI-KOTA BARU-KENALI BESAR-003.jpg
KOTA JAMBI-KOTA BARU-KENALI BESAR-004,KOTA JAMBI,-1.61749,103.55678,THUMBNAIL,210x165,D__011. ESDM_Penerangan Jalan Umum Tenaga Surya 2026_2026_03. Foto_KOTA JAMBI-KOTA BARU-KENALI BESAR-004.jpg
KOTA JAMBI-KOTA BARU-KENALI BESAR-005,KOTA JAMBI,-1.61772,103.5551,THUMBNAIL,210x165,D__011. ESDM_Penerangan Jalan Umum Tenaga Surya 2026_2026_03. Foto_KOTA JAMBI-KOTA BARU-KENALI BESAR-005.jpg
KOTA JAMBI-KOTA BARU-RAWA SARI-011,KOTA JAMBI,-1.62021,103.56784,THUMBNAIL,240x332,D__011. ESDM_Penerangan Jalan Umum Tenaga Surya 2026_2026_03. Foto_KOTA JAMBI-KOTA BARU-RAWA SARI-011.png
KOTA JAMBI-KOTA BARU-RAWA SARI-012,KOTA JAMBI,-1.6202,103.56772,THUMBNAIL,240x332,D__011. ESDM_Penerangan Jalan Umum Tenaga Surya 2026_2026_03. Foto_KOTA JAMBI-KOTA BARU-RAWA SARI-012.png
KOTA JAMBI-PAAL MERAH-EKA JAYA-001,KOTA JAMBI,-1.61346,103.67615,THUMBNAIL,210x166,D__011. ESDM_Penerangan Jalan Umum Tenaga Surya 2026_2026_03. Foto_KOTA JAMBI-PAAL MERAH-EKA JAYA-001.jpg
KOTA JAMBI-PAAL MERAH-EKA JAYA-002,KOTA JAMBI,-1.61447,103.67606,THUMBNAIL,210x166,D__011. ESDM_Penerangan Jalan Umum Tenaga Surya 2026_2026_03. Foto_KOTA JAMBI-PAAL MERAH-EKA JAYA-002.jpg
KOTA JAMBI-PAAL MERAH-EKA JAYA-003,KOTA JAMBI,-1.61712,103.65962,THUMBNAIL,210x165,D__011. ESDM_Penerangan Jalan Umum Tenaga Surya 2026_2026_03. Foto_KOTA JAMBI-PAAL MERAH-EKA JAYA-003.jpg
KOTA JAMBI-PAAL MERAH-EKA JAYA-004,KOTA JAMBI,-1.61684,103.66021,THUMBNAIL,210x166,D__011. ESDM_Penerangan Jalan Umum Tenaga Surya 2026_2026_03. Foto_KOTA JAMBI-PAAL MERAH-EKA JAYA-004.jpg
KOTA JAMBI-PAAL MERAH-EKA JAYA-005,KOTA JAMBI,-1.61445,103.65877,THUMBNAIL,210x165,D__011. ESDM_Penerangan Jalan Umum Tenaga Surya 2026_2026_03. Foto_KOTA JAMBI-PAAL MERAH-EKA JAYA-005.jpg
KOTA JAMBI-PAAL MERAH-EKA JAYA-006,KOTA JAMBI,-1.61517,103.65838,THUMBNAIL,210x166,D__011. ESDM_Penerangan Jalan Umum Tenaga Surya 2026_2026_03. Foto_KOTA JAMBI-PAAL MERAH-EKA JAYA-006.jpg
KOTA JAMBI-PAAL MERAH-EKA JAYA-007,KOTA JAMBI,-1.60729,103.66371,THUMBNAIL,210x166,D__011. ESDM_Penerangan Jalan Umum Tenaga Surya 2026_2026_03. Foto_KOTA JAMBI-PAAL MERAH-EKA JAYA-007.jpg
KOTA JAMBI-TELANAIPURA-TELANAIPURA-001,KOTA JAMBI,-1.60632,103.57719,THUMBNAIL,240x332,D__011. ESDM_Penerangan Jalan Umum Tenaga Surya 2026_2026_03. Foto_KOTA JAMBI-TELANAIPURA-TELANAIPURA-001.png
KOTA JAMBI-TELANAIPURA-TELANAIPURA-002,KOTA JAMBI,-1.60533,103.57677,THUMBNAIL,240x332,D__011. ESDM_Penerangan Jalan Umum Tenaga Surya 2026_2026_03. Foto_KOTA JAMBI-TELANAIPURA-TELANAIPURA-002.png
KOTA JAMBI-TELANAIPURA-TELANAIPURA-003,KOTA JAMBI,-1.60463,103.57683,THUMBNAIL,240x330,D__011. ESDM_Penerangan Jalan Umum Tenaga Surya 2026_2026_03. Foto_KOTA JAMBI-TELANAIPURA-TELANAIPURA-003.png
KOTA JAMBI-TELANAIPURA-TELANAIPURA-004,KOTA JAMBI,-1.60474,103.57667,THUMBNAIL,240x332,D__011. ESDM_Penerangan Jalan Umum Tenaga Surya 2026_2026_03. Foto_KOTA JAMBI-TELANAIPURA-TELANAIPURA-004.png
KOTA JAMBI-TELANAIPURA-TELANAIPURA-005,KOTA JAMBI,-1.60553,103.57637,THUMBNAIL,240x332,D__011. ESDM_Penerangan Jalan Umum Tenaga Surya 2026_2026_03. Foto_KOTA JAMBI-TELANAIPURA-TELANAIPURA-005.png
KOTA JAMBI-TELANAIPURA-TELANAIPURA-006,KOTA JAMBI,-1.60599,103.57692,THUMBNAIL,240x330,D__011. ESDM_Penerangan Jalan Umum Tenaga Surya 2026_2026_03. Foto_KOTA JAMBI-TELANAIPURA-TELANAIPURA-006.png
MERANGIN-PAMENANG BARAT-LIMBUR-001,MERANGIN,-2.04675,102.42463,THUMBNAIL,210x161,D__011. ESDM_Penerangan Jalan Umum Tenaga Surya 2026_2026_03. Foto_MERANGIN-PAMENANG BARAT-LIMBUR-001.jpg
MERANGIN-PAMENANG BARAT-LIMBUR-002,MERANGIN,-2.0441,102.4238,THUMBNAIL,210x162,D__011. ESDM_Penerangan Jalan Umum Tenaga Surya 2026_2026_03. Foto_MERANGIN-PAMENANG BARAT-LIMBUR-002.jpg
MERANGIN-PAMENANG BARAT-PAPIT-001,MERANGIN,-2.06018,102.45788,THUMBNAIL,210x164,D__011. ESDM_Penerangan Jalan Umum Tenaga Surya 2026_2026_03. Foto_MERANGIN-PAMENANG BARAT-PAPIT-001.jpg
MERANGIN-PAMENANG BARAT-PAPIT-002,MERANGIN,-2.07181,102.45693,THUMBNAIL,210x166,D__011. ESDM_Penerangan Jalan Umum Tenaga Surya 2026_2026_03. Foto_MERANGIN-PAMENANG BARAT-PAPIT-002.jpg
MERANGIN-PAMENANG BARAT-TANJUNG GEDANG-001,MERANGIN,-2.13027,102.58431,THUMBNAIL,210x165,D__011. ESDM_Penerangan Jalan Umum Tenaga Surya 2026_2026_03. Foto_MERANGIN-PAMENANG BARAT-TANJUNG GEDANG-001.jpg
MERANGIN-PAMENANG BARAT-TANJUNG GEDANG-002,MERANGIN,-2.13123,102.58332,THUMBNAIL,210x165,D__011. ESDM_Penerangan Jalan Umum Tenaga Surya 2026_2026_03. Foto_MERANGIN-PAMENANG BARAT-TANJUNG GEDANG-002.jpg
MERANGIN-PAMENANG-KEROYA-001,MERANGIN,-2.12291,102.55871,THUMBNAIL,210x165,D__011. ESDM_Penerangan Jalan Umum Tenaga Surya 2026_2026_03. Foto_MERANGIN-PAMENANG-KEROYA-001.jpg
MERANGIN-PAMENANG-KEROYA-002,MERANGIN,-2.12363,102.55954,THUMBNAIL,210x165,D__011. ESDM_Penerangan Jalan Umum Tenaga Surya 2026_2026_03. Foto_MERANGIN-PAMENANG-KEROYA-002.jpg
MERANGIN-PAMENANG-KEROYA-003,MERANGIN,-2.12338,102.56009,THUMBNAIL,210x165,D__011. ESDM_Penerangan Jalan Umum Tenaga Surya 2026_2026_03. Foto_MERANGIN-PAMENANG-KEROYA-003.jpg
MERANGIN-PAMENANG-KEROYA-004,MERANGIN,-2.12475,102.56003,THUMBNAIL,210x165,D__011. ESDM_Penerangan Jalan Umum Tenaga Surya 2026_2026_03. Foto_MERANGIN-PAMENANG-KEROYA-004.jpg
MERANGIN-PAMENANG-KEROYA-005,MERANGIN,-2.12642,102.56029,THUMBNAIL,210x166,D__011. ESDM_Penerangan Jalan Umum Tenaga Surya 2026_2026_03. Foto_MERANGIN-PAMENANG-KEROYA-005.jpg
MERANGIN-PAMENANG-PAMENANG-001,MERANGIN,-2.11473,102.5171,THUMBNAIL,210x165,D__011. ESDM_Penerangan Jalan Umum Tenaga Surya 2026_2026_03. Foto_MERANGIN-PAMENANG-PAMENANG-001.jpg
MERANGIN-PAMENANG-PAMENANG-002,MERANGIN,-2.11797,102.51773,THUMBNAIL,210x165,D__011. ESDM_Penerangan Jalan Umum Tenaga Surya 2026_2026_03. Foto_MERANGIN-PAMENANG-PAMENANG-002.jpg
MERANGIN-PAMENANG-PAMENANG-003,MERANGIN,-2.11819,102.51771,THUMBNAIL,210x165,D__011. ESDM_Penerangan Jalan Umum Tenaga Surya 2026_2026_03. Foto_MERANGIN-PAMENANG-PAMENANG-003.jpg
MERANGIN-PAMENANG-PAMENANG-004,MERANGIN,-2.11837,102.51798,THUMBNAIL,210x165,D__011. ESDM_Penerangan Jalan Umum Tenaga Surya 2026_2026_03. Foto_MERANGIN-PAMENANG-PAMENANG-004.jpg
MUARO BUNGO-SEPENGGAL LINTAS-LUBUK LANDAI-001,MUARO BUNGO,-1.401249,101.953327,THUMBNAIL,587x268,D__011. ESDM_Penerangan Jalan Umum Tenaga Surya 2026_2026_03. Foto_MUARO BUNGO-SEPENGGAL LINTAS-LUBUK LANDAI-001.jpg
MUARO BUNGO-SEPENGGAL LINTAS-LUBUK LANDAI-002,MUARO BUNGO,-1.400867,101.953416,THUMBNAIL,592x267,D__011. ESDM_Penerangan Jalan Umum Tenaga Surya 2026_2026_03. Foto_MUARO BUNGO-SEPENGGAL LINTAS-LUBUK LANDAI-002.jpg
MUARO BUNGO-SEPENGGAL LINTAS-LUBUK LANDAI-003,MUARO BUNGO,-1.400872,101.95341,THUMBNAIL,585x279,D__011. ESDM_Penerangan Jalan Umum Tenaga Surya 2026_2026_03. Foto_MUARO BUNGO-SEPENGGAL LINTAS-LUBUK LANDAI-003.jpg
MUARO BUNGO-SEPENGGAL LINTAS-LUBUK LANDAI-004,MUARO BUNGO,-1.39937,101.9358,THUMBNAIL,243x125,D__011. ESDM_Penerangan Jalan Umum Tenaga Surya 2026_2026_03. Foto_MUARO BUNGO-SEPENGGAL LINTAS-LUBUK LANDAI-004.jpg
MUARO BUNGO-SEPENGGAL LINTAS-LUBUK LANDAI-005,MUARO BUNGO,-1.39936,101.93525,THUMBNAIL,518x233,D__011. ESDM_Penerangan Jalan Umum Tenaga Surya 2026_2026_03. Foto_MUARO BUNGO-SEPENGGAL LINTAS-LUBUK LANDAI-005.jpg
MUARO BUNGO-SEPENGGAL LINTAS-LUBUK LANDAI-006,MUARO BUNGO,-1.39954,101.94049,THUMBNAIL,507x317,D__011. ESDM_Penerangan Jalan Umum Tenaga Surya 2026_2026_03. Foto_MUARO BUNGO-SEPENGGAL LINTAS-LUBUK LANDAI-006.jpg
MUARO BUNGO-SEPENGGAL LINTAS-LUBUK LANDAI-007,MUARO BUNGO,-1.38905,101.94316,THUMBNAIL,530x295,D__011. ESDM_Penerangan Jalan Umum Tenaga Surya 2026_2026_03. Foto_MUARO BUNGO-SEPENGGAL LINTAS-LUBUK LANDAI-007.jpg
MUARO BUNGO-SEPENGGAL LINTAS-LUBUK LANDAI-008,MUARO BUNGO,-1.39106,101.94309,THUMBNAIL,526x289,D__011. ESDM_Penerangan Jalan Umum Tenaga Surya 2026_2026_03. Foto_MUARO BUNGO-SEPENGGAL LINTAS-LUBUK LANDAI-008.jpg
MUARO BUNGO-SEPENGGAL LINTAS-LUBUK LANDAI-009,MUARO BUNGO,-1.39525,101.94226,THUMBNAIL,509x291,D__011. ESDM_Penerangan Jalan Umum Tenaga Surya 2026_2026_03. Foto_MUARO BUNGO-SEPENGGAL LINTAS-LUBUK LANDAI-009.jpg
MUARO BUNGO-SEPENGGAL LINTAS-LUBUK LANDAI-010,MUARO BUNGO,-1.39864,101.9438,THUMBNAIL,514x206,D__011. ESDM_Penerangan Jalan Umum Tenaga Surya 2026_2026_03. Foto_MUARO BUNGO-SEPENGGAL LINTAS-LUBUK LANDAI-010.jpg
MUARO BUNGO-SEPENGGAL LINTAS-LUBUK LANDAI-011,MUARO BUNGO,-1.39746,101.94368,THUMBNAIL,481x299,D__011. ESDM_Penerangan Jalan Umum Tenaga Surya 2026_2026_03. Foto_MUARO BUNGO-SEPENGGAL LINTAS-LUBUK LANDAI-011.jpg
MUARO BUNGO-SEPENGGAL LINTAS-LUBUK LANDAI-012,MUARO BUNGO,-1.39853,101.9441,THUMBNAIL,502x377,D__011. ESDM_Penerangan Jalan Umum Tenaga Surya 2026_2026_03. Foto_MUARO BUNGO-SEPENGGAL LINTAS-LUBUK LANDAI-012.jpg
MUARO BUNGO-SEPENGGAL LINTAS-LUBUK LANDAI-013,MUARO BUNGO,-1.40239,101.94492,THUMBNAIL,490x359,D__011. ESDM_Penerangan Jalan Umum Tenaga Surya 2026_2026_03. Foto_MUARO BUNGO-SEPENGGAL LINTAS-LUBUK LANDAI-013.jpg
MUARO BUNGO-SEPENGGAL LINTAS-LUBUK LANDAI-014,MUARO BUNGO,-1.40246,101.94585,THUMBNAIL,469x324,D__011. ESDM_Penerangan Jalan Umum Tenaga Surya 2026_2026_03. Foto_MUARO BUNGO-SEPENGGAL LINTAS-LUBUK LANDAI-014.jpg
MUARO BUNGO-SEPENGGAL LINTAS-LUBUK LANDAI-015,MUARO BUNGO,-1.4006,101.94615,THUMBNAIL,466x338,D__011. ESDM_Penerangan Jalan Umum Tenaga Surya 2026_2026_03. Foto_MUARO BUNGO-SEPENGGAL LINTAS-LUBUK LANDAI-015.jpg
MUARO BUNGO-SEPENGGAL LINTAS-LUBUK LANDAI-016,MUARO BUNGO,-1.39994,101.94306,THUMBNAIL,468x363,D__011. ESDM_Penerangan Jalan Umum Tenaga Surya 2026_2026_03. Foto_MUARO BUNGO-SEPENGGAL LINTAS-LUBUK LANDAI-016.jpg
MUARO BUNGO-SEPENGGAL LINTAS-LUBUK LANDAI-017,MUARO BUNGO,-1.39985,101.94128,THUMBNAIL,294x392,D__011. ESDM_Penerangan Jalan Umum Tenaga Surya 2026_2026_03. Foto_MUARO BUNGO-SEPENGGAL LINTAS-LUBUK LANDAI-017.jpg
MUARO BUNGO-SEPENGGAL LINTAS-LUBUK LANDAI-018,MUARO BUNGO,-1.3984,101.93976,THUMBNAIL,308x410,D__011. ESDM_Penerangan Jalan Umum Tenaga Surya 2026_2026_03. Foto_MUARO BUNGO-SEPENGGAL LINTAS-LUBUK LANDAI-018.jpg
MUARO BUNGO-SEPENGGAL LINTAS-LUBUK LANDAI-019,MUARO BUNGO,-1.399422,101.94668,THUMBNAIL,300x400,D__011. ESDM_Penerangan Jalan Umum Tenaga Surya 2026_2026_03. Foto_MUARO BUNGO-SEPENGGAL LINTAS-LUBUK LANDAI-019.jpg
MUARO BUNGO-SEPENGGAL LINTAS-LUBUK LANDAI-020,MUARO BUNGO,-1.40192,101.94794,THUMBNAIL,294x393,D__011. ESDM_Penerangan Jalan Umum Tenaga Surya 2026_2026_03. Foto_MUARO BUNGO-SEPENGGAL LINTAS-LUBUK LANDAI-020.jpg
MUARO BUNGO-SEPENGGAL LINTAS-TANAH BEKALI-001,MUARO BUNGO,-1.42075,101.95614,THUMBNAIL,282x376,D__011. ESDM_Penerangan Jalan Umum Tenaga Surya 2026_2026_03. Foto_MUARO BUNGO-SEPENGGAL LINTAS-TANAH BEKALI-001.jpg
MUARO BUNGO-SEPENGGAL LINTAS-TANAH BEKALI-002,MUARO BUNGO,-1.42008,101.95798,THUMBNAIL,288x383,D__011. ESDM_Penerangan Jalan Umum Tenaga Surya 2026_2026_03. Foto_MUARO BUNGO-SEPENGGAL LINTAS-TANAH BEKALI-002.jpg
MUARO BUNGO-SEPENGGAL LINTAS-TANAH BEKALI-003,MUARO BUNGO,-1.4193,101.95969,THUMBNAIL,316x422,D__011. ESDM_Penerangan Jalan Umum Tenaga Surya 2026_2026_03. Foto_MUARO BUNGO-SEPENGGAL LINTAS-TANAH BEKALI-003.jpg
MUARO JAMBI-JALUKO-PEMATANG GAJAH-001,MUARO JAMBI,-1.647053,103.51561,THUMBNAIL,312x237,D__011. ESDM_Penerangan Jalan Umum Tenaga Surya 2026_2026_03. Foto_MUARO JAMBI-JALUKO-PEMATANG GAJAH-001.jpg
Muaro Jambi-Mestong-Desa Suka Damai-001,MUARO JAMBI,-1.86493,103.56219,THUMBNAIL,210x165,D__011. ESDM_Penerangan Jalan Umum Tenaga Surya 2026_2026_03. Foto_Muaro Jambi-Mestong-Desa Suka Damai-001.jpg
Muaro Jambi-Mestong-Desa Suka Damai-002,MUARO JAMBI,-1.86422,103.56704,THUMBNAIL,210x165,D__011. ESDM_Penerangan Jalan Umum Tenaga Surya 2026_2026_03. Foto_Muaro Jambi-Mestong-Desa Suka Damai-002.jpg
Muaro Jambi-Mestong-Desa Suka Damai-003,MUARO JAMBI,-1.87228,103.57552,THUMBNAIL,210x165,D__011. ESDM_Penerangan Jalan Umum Tenaga Surya 2026_2026_03. Foto_Muaro Jambi-Mestong-Desa Suka Damai-003.jpg
Muaro Jambi-Mestong-Desa Suka Damai-004,MUARO JAMBI,-1.87177,103.55838,THUMBNAIL,210x165,D__011. ESDM_Penerangan Jalan Umum Tenaga Surya 2026_2026_03. Foto_Muaro Jambi-Mestong-Desa Suka Damai-004.jpg
Muaro Jambi-Mestong-Desa Suka Damai-005,MUARO JAMBI,-1.88232,103.54512,THUMBNAIL,210x165,D__011. ESDM_Penerangan Jalan Umum Tenaga Surya 2026_2026_03. Foto_Muaro Jambi-Mestong-Desa Suka Damai-005.jpg
Muaro Jambi-Sungai Bahar-Unit 2-001,MUARO JAMBI,-1.95492,103.44312,THUMBNAIL,210x165,D__011. ESDM_Penerangan Jalan Umum Tenaga Surya 2026_2026_03. Foto_Muaro Jambi-Sungai Bahar-Unit 2-001.jpg
Muaro Jambi-Sungai Bahar-Unit 2-002,MUARO JAMBI,-1.95585,103.44392,THUMBNAIL,210x165,D__011. ESDM_Penerangan Jalan Umum Tenaga Surya 2026_2026_03. Foto_Muaro Jambi-Sungai Bahar-Unit 2-002.jpg
Muaro Jambi-Sungai Bahar-Unit 2-003,MUARO JAMBI,-1.96136,103.44511,THUMBNAIL,210x165,D__011. ESDM_Penerangan Jalan Umum Tenaga Surya 2026_2026_03. Foto_Muaro Jambi-Sungai Bahar-Unit 2-003.jpg
Muaro Jambi-Sungai Bahar-Unit 2-004,MUARO JAMBI,-1.95477,103.4451,THUMBNAIL,210x165,D__011. ESDM_Penerangan Jalan Umum Tenaga Surya 2026_2026_03. Foto_Muaro Jambi-Sungai Bahar-Unit 2-004.jpg
Muaro Jambi-Sungai Bahar-Unit 2-005,MUARO JAMBI,-1.95267,103.44203,THUMBNAIL,210x165,D__011. ESDM_Penerangan Jalan Umum Tenaga Surya 2026_2026_03. Foto_Muaro Jambi-Sungai Bahar-Unit 2-005.jpg
Muaro Jambi-Sungai Bahar-Unit 5-001,MUARO JAMBI,-2.01034,103.41906,THUMBNAIL,210x165,D__011. ESDM_Penerangan Jalan Umum Tenaga Surya 2026_2026_03. Foto_Muaro Jambi-Sungai Bahar-Unit 5-001.jpg
Muaro Jambi-Sungai Bahar-Unit 5-002,MUARO JAMBI,-2.01028,103.41333,THUMBNAIL,210x165,D__011. ESDM_Penerangan Jalan Umum Tenaga Surya 2026_2026_03. Foto_Muaro Jambi-Sungai Bahar-Unit 5-002.jpg
Muaro Jambi-Sungai Bahar-Unit 5-003,MUARO JAMBI,-2.01063,103.42179,THUMBNAIL,210x165,D__011. ESDM_Penerangan Jalan Umum Tenaga Surya 2026_2026_03. Foto_Muaro Jambi-Sungai Bahar-Unit 5-003.jpg
Muaro Jambi-Sungai Bahar-Unit 5-004,MUARO JAMBI,-2.00658,103.42234,THUMBNAIL,210x165,D__011. ESDM_Penerangan Jalan Umum Tenaga Surya 2026_2026_03. Foto_Muaro Jambi-Sungai Bahar-Unit 5-004.jpg
Muaro Jambi-Sungai Bahar-Unit 5-005,MUARO JAMBI,-2.00874,103.42738,THUMBNAIL,210x165,D__011. ESDM_Penerangan Jalan Umum Tenaga Surya 2026_2026_03. Foto_Muaro Jambi-Sungai Bahar-Unit 5-005.jpg
SAROLANGUN-BATANG ASAI-BATU EMPANG-001,SAROLANGUN,-2.626932,102.234314,THUMBNAIL,317x242,D__011. ESDM_Penerangan Jalan Umum Tenaga Surya 2026_2026_03. Foto_SAROLANGUN-BATANG ASAI-BATU EMPANG-001.jpg
SAROLANGUN-BATANG ASAI-BATU EMPANG-002,SAROLANGUN,-2.627306,102.234529,THUMBNAIL,315x240,D__011. ESDM_Penerangan Jalan Umum Tenaga Surya 2026_2026_03. Foto_SAROLANGUN-BATANG ASAI-BATU EMPANG-002.jpg
SAROLANGUN-BATANG ASAI-BATU EMPANG-003,SAROLANGUN,-2.627546,102.234715,THUMBNAIL,316x238,D__011. ESDM_Penerangan Jalan Umum Tenaga Surya 2026_2026_03. Foto_SAROLANGUN-BATANG ASAI-BATU EMPANG-003.jpg
SAROLANGUN-BATANG ASAI-BATU EMPANG-004,SAROLANGUN,-2.62805,102.235267,THUMBNAIL,315x243,D__011. ESDM_Penerangan Jalan Umum Tenaga Surya 2026_2026_03. Foto_SAROLANGUN-BATANG ASAI-BATU EMPANG-004.jpg
SAROLANGUN-BATANG ASAI-BATU EMPANG-005,SAROLANGUN,-2.627897,102.23543,THUMBNAIL,315x244,D__011. ESDM_Penerangan Jalan Umum Tenaga Surya 2026_2026_03. Foto_SAROLANGUN-BATANG ASAI-BATU EMPANG-005.jpg
SAROLANGUN-BATANG ASAI-BATU EMPANG-006,SAROLANGUN,-2.627897,102.23543,THUMBNAIL,315x240,D__011. ESDM_Penerangan Jalan Umum Tenaga Surya 2026_2026_03. Foto_SAROLANGUN-BATANG ASAI-BATU EMPANG-006.jpg
SAROLANGUN-BATANG ASAI-BATU EMPANG-007,SAROLANGUN,-2.627876,102.235392,THUMBNAIL,312x242,D__011. ESDM_Penerangan Jalan Umum Tenaga Surya 2026_2026_03. Foto_SAROLANGUN-BATANG ASAI-BATU EMPANG-007.jpg
SAROLANGUN-BATANG ASAI-BATU EMPANG-008,SAROLANGUN,-2.62745,102.234994,THUMBNAIL,315x245,D__011. ESDM_Penerangan Jalan Umum Tenaga Surya 2026_2026_03. Foto_SAROLANGUN-BATANG ASAI-BATU EMPANG-008.jpg
SAROLANGUN-BATANG ASAI-BATU EMPANG-009,SAROLANGUN,-2.62723,102.234956,THUMBNAIL,313x240,D__011. ESDM_Penerangan Jalan Umum Tenaga Surya 2026_2026_03. Foto_SAROLANGUN-BATANG ASAI-BATU EMPANG-009.jpg
SAROLANGUN-BATANG ASAI-BATU EMPANG-010,SAROLANGUN,-2.626321,102.234637,THUMBNAIL,316x246,D__011. ESDM_Penerangan Jalan Umum Tenaga Surya 2026_2026_03. Foto_SAROLANGUN-BATANG ASAI-BATU EMPANG-010.jpg
TANJUNG JABUNG BARAT-BATANG ASAM-DUSUN KEBUN-001,TANJUNG JABUNG BARAT,-1.06733,102.96438,THUMBNAIL,210x248,D__011. ESDM_Penerangan Jalan Umum Tenaga Surya 2026_2026_03. Foto_TANJUNG JABUNG BARAT-BATANG ASAM-DUSUN KEBUN-001.jpg
TANJUNG JABUNG BARAT-BATANG ASAM-DUSUN KEBUN-002,TANJUNG JABUNG BARAT,-1.0674,102.96432,THUMBNAIL,210x248,D__011. ESDM_Penerangan Jalan Umum Tenaga Surya 2026_2026_03. Foto_TANJUNG JABUNG BARAT-BATANG ASAM-DUSUN KEBUN-002.jpg
TANJUNG JABUNG BARAT-BRAM ITAM-KEMUNING-001,TANJUNG JABUNG BARAT,-0.855123,103.368957,THUMBNAIL,270x361,D__011. ESDM_Penerangan Jalan Umum Tenaga Surya 2026_2026_03. Foto_TANJUNG JABUNG BARAT-BRAM ITAM-KEMUNING-001.jpg
TANJUNG JABUNG BARAT-BRAM ITAM-KEMUNING-002,TANJUNG JABUNG BARAT,-0.855472,103.3694,THUMBNAIL,266x355,D__011. ESDM_Penerangan Jalan Umum Tenaga Surya 2026_2026_03. Foto_TANJUNG JABUNG BARAT-BRAM ITAM-KEMUNING-002.jpg
TANJUNG JABUNG BARAT-BRAM ITAM-KEMUNING-003,TANJUNG JABUNG BARAT,-0.856032,103.369968,THUMBNAIL,288x384,D__011. ESDM_Penerangan Jalan Umum Tenaga Surya 2026_2026_03. Foto_TANJUNG JABUNG BARAT-BRAM ITAM-KEMUNING-003.jpg
TANJUNG JABUNG BARAT-BRAM ITAM-KEMUNING-004,TANJUNG JABUNG BARAT,-0.857027,103.370925,THUMBNAIL,284x379,D__011. ESDM_Penerangan Jalan Umum Tenaga Surya 2026_2026_03. Foto_TANJUNG JABUNG BARAT-BRAM ITAM-KEMUNING-004.jpg
TANJUNG JABUNG BARAT-BRAM ITAM-KEMUNING-005,TANJUNG JABUNG BARAT,-0.857057,103.371408,THUMBNAIL,267x356,D__011. ESDM_Penerangan Jalan Umum Tenaga Surya 2026_2026_03. Foto_TANJUNG JABUNG BARAT-BRAM ITAM-KEMUNING-005.jpg
TANJUNG JABUNG BARAT-BRAM ITAM-KEMUNING-006,TANJUNG JABUNG BARAT,-0.85804,103.371924,THUMBNAIL,269x358,D__011. ESDM_Penerangan Jalan Umum Tenaga Surya 2026_2026_03. Foto_TANJUNG JABUNG BARAT-BRAM ITAM-KEMUNING-006.jpg
TANJUNG JABUNG BARAT-BRAM ITAM-KEMUNING-007,TANJUNG JABUNG BARAT,-0.85857,103.372457,THUMBNAIL,274x365,D__011. ESDM_Penerangan Jalan Umum Tenaga Surya 2026_2026_03. Foto_TANJUNG JABUNG BARAT-BRAM ITAM-KEMUNING-007.jpg
TANJUNG JABUNG BARAT-BRAM ITAM-KEMUNING-008,TANJUNG JABUNG BARAT,-0.859225,103.373097,THUMBNAIL,280x373,D__011. ESDM_Penerangan Jalan Umum Tenaga Surya 2026_2026_03. Foto_TANJUNG JABUNG BARAT-BRAM ITAM-KEMUNING-008.jpg
TANJUNG JABUNG BARAT-BRAM ITAM-KEMUNING-009,TANJUNG JABUNG BARAT,-0.859688,103.37355,THUMBNAIL,280x373,D__011. ESDM_Penerangan Jalan Umum Tenaga Surya 2026_2026_03. Foto_TANJUNG JABUNG BARAT-BRAM ITAM-KEMUNING-009.jpg
TANJUNG JABUNG BARAT-BRAM ITAM-KEMUNING-010,TANJUNG JABUNG BARAT,-0.859988,103.37385,THUMBNAIL,233x311,D__011. ESDM_Penerangan Jalan Umum Tenaga Surya 2026_2026_03. Foto_TANJUNG JABUNG BARAT-BRAM ITAM-KEMUNING-010.jpg
TANJUNG JABUNG BARAT-BRAM ITAM-KEMUNING-011,TANJUNG JABUNG BARAT,-0.860345,103.374215,THUMBNAIL,242x322,D__011. ESDM_Penerangan Jalan Umum Tenaga Surya 2026_2026_03. Foto_TANJUNG JABUNG BARAT-BRAM ITAM-KEMUNING-011.jpg
TANJUNG JABUNG BARAT-BRAM ITAM-KEMUNING-012,TANJUNG JABUNG BARAT,-0.860737,103.374581,THUMBNAIL,277x370,D__011. ESDM_Penerangan Jalan Umum Tenaga Surya 2026_2026_03. Foto_TANJUNG JABUNG BARAT-BRAM ITAM-KEMUNING-012.jpg
TANJUNG JABUNG BARAT-BRAM ITAM-KEMUNING-013,TANJUNG JABUNG BARAT,-0.861163,103.375133,THUMBNAIL,289x386,D__011. ESDM_Penerangan Jalan Umum Tenaga Surya 2026_2026_03. Foto_TANJUNG JABUNG BARAT-BRAM ITAM-KEMUNING-013.jpg
TANJUNG JABUNG BARAT-BRAM ITAM-KEMUNING-014,TANJUNG JABUNG BARAT,-0.861772,103.375687,THUMBNAIL,299x399,D__011. ESDM_Penerangan Jalan Umum Tenaga Surya 2026_2026_03. Foto_TANJUNG JABUNG BARAT-BRAM ITAM-KEMUNING-014.jpg
TANJUNG JABUNG BARAT-BRAM ITAM-KEMUNING-015,TANJUNG JABUNG BARAT,-0.862158,103.376003,THUMBNAIL,239x319,D__011. ESDM_Penerangan Jalan Umum Tenaga Surya 2026_2026_03. Foto_TANJUNG JABUNG BARAT-BRAM ITAM-KEMUNING-015.jpg
TANJUNG JABUNG BARAT-BRAM ITAM-KEMUNING-016,TANJUNG JABUNG BARAT,-0.86254,103.376398,THUMBNAIL,244x325,D__011. ESDM_Penerangan Jalan Umum Tenaga Surya 2026_2026_03. Foto_TANJUNG JABUNG BARAT-BRAM ITAM-KEMUNING-016.jpg
TANJUNG JABUNG BARAT-BRAM ITAM-KEMUNING-017,TANJUNG JABUNG BARAT,-0.862618,103.376433,THUMBNAIL,272x362,D__011. ESDM_Penerangan Jalan Umum Tenaga Surya 2026_2026_03. Foto_TANJUNG JABUNG BARAT-BRAM ITAM-KEMUNING-017.jpg
TANJUNG JABUNG BARAT-BRAM ITAM-KEMUNING-018,TANJUNG JABUNG BARAT,-0.863273,103.377063,THUMBNAIL,277x369,D__011. ESDM_Penerangan Jalan Umum Tenaga Surya 2026_2026_03. Foto_TANJUNG JABUNG BARAT-BRAM ITAM-KEMUNING-018.jpg
TANJUNG JABUNG BARAT-BRAM ITAM-KEMUNING-019,TANJUNG JABUNG BARAT,-0.863745,103.37753,THUMBNAIL,310x413,D__011. ESDM_Penerangan Jalan Umum Tenaga Surya 2026_2026_03. Foto_TANJUNG JABUNG BARAT-BRAM ITAM-KEMUNING-019.jpg
TANJUNG JABUNG BARAT-BRAM ITAM-KEMUNING-020,TANJUNG JABUNG BARAT,-0.865525,103.37924,THUMBNAIL,308x410,D__011. ESDM_Penerangan Jalan Umum Tenaga Surya 2026_2026_03. Foto_TANJUNG JABUNG BARAT-BRAM ITAM-KEMUNING-020.jpg
TANJUNG JABUNG BARAT-SENYERANG-SUNGAI KAYU ARO-001,TANJUNG JABUNG BARAT,-0.77143,103.1339,THUMBNAIL,210x248,D__011. ESDM_Penerangan Jalan Umum Tenaga Surya 2026_2026_03. Foto_TANJUNG JABUNG BARAT-SENYERANG-SUNGAI KAYU ARO-001.jpg
TANJUNG JABUNG BARAT-SENYERANG-SUNGAI KAYU ARO-002,TANJUNG JABUNG BARAT,-0.76245,103.13467,THUMBNAIL,210x248,D__011. ESDM_Penerangan Jalan Umum Tenaga Surya 2026_2026_03. Foto_TANJUNG JABUNG BARAT-SENYERANG-SUNGAI KAYU ARO-002.jpg
TANJUNG JABUNG BARAT-SENYERANG-SUNGAI KAYU ARO-003,TANJUNG JABUNG BARAT,-0.7605,103.13479,THUMBNAIL,210x248,D__011. ESDM_Penerangan Jalan Umum Tenaga Surya 2026_2026_03. Foto_TANJUNG JABUNG BARAT-SENYERANG-SUNGAI KAYU ARO-003.jpg
TANJUNG JABUNG BARAT-SENYERANG-SUNGAI KAYU ARO-004,TANJUNG JABUNG BARAT,-0.75752,103.13518,THUMBNAIL,210x248,D__011. ESDM_Penerangan Jalan Umum Tenaga Surya 2026_2026_03. Foto_TANJUNG JABUNG BARAT-SENYERANG-SUNGAI KAYU ARO-004.jpg
TANJUNG JABUNG BARAT-SENYERANG-SUNGAI KAYU ARO-005,TANJUNG JABUNG BARAT,-0.75725,103.13523,THUMBNAIL,210x248,D__011. ESDM_Penerangan Jalan Umum Tenaga Surya 2026_2026_03. Foto_TANJUNG JABUNG BARAT-SENYERANG-SUNGAI KAYU ARO-005.jpg
TANJUNG JABUNG BARAT-SENYERANG-SUNGAI KAYU ARO-006,TANJUNG JABUNG BARAT,-0.77476,103.14879,THUMBNAIL,210x165,D__011. ESDM_Penerangan Jalan Umum Tenaga Surya 2026_2026_03. Foto_TANJUNG JABUNG BARAT-SENYERANG-SUNGAI KAYU ARO-006.jpg
TANJUNG JABUNG BARAT-SENYERANG-SUNGAI LANDAK-001,TANJUNG JABUNG BARAT,-0.849732,103.163187,THUMBNAIL,243x324,D__011. ESDM_Penerangan Jalan Umum Tenaga Surya 2026_2026_03. Foto_TANJUNG JABUNG BARAT-SENYERANG-SUNGAI LANDAK-001.jpg
TANJUNG JABUNG BARAT-SENYERANG-SUNGAI LANDAK-002,TANJUNG JABUNG BARAT,-0.846768,103.163872,THUMBNAIL,259x345,D__011. ESDM_Penerangan Jalan Umum Tenaga Surya 2026_2026_03. Foto_TANJUNG JABUNG BARAT-SENYERANG-SUNGAI LANDAK-002.jpg
TANJUNG JABUNG BARAT-SENYERANG-SUNGAI LANDAK-003,TANJUNG JABUNG BARAT,-0.850667,103.162977,THUMBNAIL,253x338,D__011. ESDM_Penerangan Jalan Umum Tenaga Surya 2026_2026_03. Foto_TANJUNG JABUNG BARAT-SENYERANG-SUNGAI LANDAK-003.jpg
TANJUNG JABUNG BARAT-SENYERANG-SUNGAI LANDAK-004,TANJUNG JABUNG BARAT,-0.85302,103.162412,THUMBNAIL,261x347,D__011. ESDM_Penerangan Jalan Umum Tenaga Surya 2026_2026_03. Foto_TANJUNG JABUNG BARAT-SENYERANG-SUNGAI LANDAK-004.jpg
TANJUNG JABUNG BARAT-SENYERANG-SUNGAI LANDAK-005,TANJUNG JABUNG BARAT,-0.85828,103.161435,THUMBNAIL,271x361,D__011. ESDM_Penerangan Jalan Umum Tenaga Surya 2026_2026_03. Foto_TANJUNG JABUNG BARAT-SENYERANG-SUNGAI LANDAK-005.jpg
TANJUNG JABUNG BARAT-SENYERANG-SUNGAI LANDAK-006,TANJUNG JABUNG BARAT,-0.81844,103.17781,THUMBNAIL,288x384,D__011. ESDM_Penerangan Jalan Umum Tenaga Surya 2026_2026_03. Foto_TANJUNG JABUNG BARAT-SENYERANG-SUNGAI LANDAK-006.jpg
TANJUNG JABUNG BARAT-SENYERANG-SUNGAI LANDAK-007,TANJUNG JABUNG BARAT,-0.818244,103.178252,THUMBNAIL,286x381,D__011. ESDM_Penerangan Jalan Umum Tenaga Surya 2026_2026_03. Foto_TANJUNG JABUNG BARAT-SENYERANG-SUNGAI LANDAK-007.jpg
TANJUNG JABUNG BARAT-SENYERANG-SUNGAI LANDAK-008,TANJUNG JABUNG BARAT,-0.815707,103.177412,THUMBNAIL,259x345,D__011. ESDM_Penerangan Jalan Umum Tenaga Surya 2026_2026_03. Foto_TANJUNG JABUNG BARAT-SENYERANG-SUNGAI LANDAK-008.jpg
TANJUNG JABUNG BARAT-SENYERANG-SUNGAI LANDAK-009,TANJUNG JABUNG BARAT,-0.816093,103.17762,THUMBNAIL,268x357,D__011. ESDM_Penerangan Jalan Umum Tenaga Surya 2026_2026_03. Foto_TANJUNG JABUNG BARAT-SENYERANG-SUNGAI LANDAK-009.jpg
TANJUNG JABUNG BARAT-SENYERANG-SUNGAI LANDAK-010,TANJUNG JABUNG BARAT,-0.817352,103.178008,THUMBNAIL,267x356,D__011. ESDM_Penerangan Jalan Umum Tenaga Surya 2026_2026_03. Foto_TANJUNG JABUNG BARAT-SENYERANG-SUNGAI LANDAK-010.jpg
TANJUNG JABUNG BARAT-TEBING TINGGI-TEBING TINGGI-001,TANJUNG JABUNG BARAT,-0.9913,103.05135,THUMBNAIL,210x248,D__011. ESDM_Penerangan Jalan Umum Tenaga Surya 2026_2026_03. Foto_TANJUNG JABUNG BARAT-TEBING TINGGI-TEBING TINGGI-001.jpg
TANJUNG JABUNG BARAT-TEBING TINGGI-TEBING TINGGI-002,TANJUNG JABUNG BARAT,-0.98611,103.05131,THUMBNAIL,210x248,D__011. ESDM_Penerangan Jalan Umum Tenaga Surya 2026_2026_03. Foto_TANJUNG JABUNG BARAT-TEBING TINGGI-TEBING TINGGI-002.jpg
TANJUNG JABUNG BARAT-TEBING TINGGI-TEBING TINGGI-003,TANJUNG JABUNG BARAT,-0.99596,103.05402,THUMBNAIL,210x248,D__011. ESDM_Penerangan Jalan Umum Tenaga Surya 2026_2026_03. Foto_TANJUNG JABUNG BARAT-TEBING TINGGI-TEBING TINGGI-003.jpg
TANJUNG JABUNG BARAT-TEBING TINGGI-TEBING TINGGI-004,TANJUNG JABUNG BARAT,-1.00366,103.0541,THUMBNAIL,210x248,D__011. ESDM_Penerangan Jalan Umum Tenaga Surya 2026_2026_03. Foto_TANJUNG JABUNG BARAT-TEBING TINGGI-TEBING TINGGI-004.jpg
TANJUNG JABUNG BARAT-TEBING TINGGI-TEBING TINGGI-005,TANJUNG JABUNG BARAT,-0.99346,103.0417,THUMBNAIL,210x248,D__011. ESDM_Penerangan Jalan Umum Tenaga Surya 2026_2026_03. Foto_TANJUNG JABUNG BARAT-TEBING TINGGI-TEBING TINGGI-005.jpg
TEBO-RIMBO ILIR-SEPAKAT BERSATU-001,TEBO,-1.43241,102.22698,THUMBNAIL,211x143,D__011. ESDM_Penerangan Jalan Umum Tenaga Surya 2026_2026_03. Foto_TEBO-RIMBO ILIR-SEPAKAT BERSATU-001.jpg
TEBO-RIMBO ILIR-SEPAKAT BERSATU-002,TEBO,-1.38864,102.21552,THUMBNAIL,211x143,D__011. ESDM_Penerangan Jalan Umum Tenaga Surya 2026_2026_03. Foto_TEBO-RIMBO ILIR-SEPAKAT BERSATU-002.jpg
TEBO-RIMBO ILIR-SEPAKAT BERSATU-003,TEBO,-1.3853,102.18799,THUMBNAIL,211x143,D__011. ESDM_Penerangan Jalan Umum Tenaga Surya 2026_2026_03. Foto_TEBO-RIMBO ILIR-SEPAKAT BERSATU-003.jpg
TEBO-RIMBO ILIR-SEPAKAT BERSATU-004,TEBO,-1.38529,102.18808,THUMBNAIL,211x143,D__011. ESDM_Penerangan Jalan Umum Tenaga Surya 2026_2026_03. Foto_TEBO-RIMBO ILIR-SEPAKAT BERSATU-004.jpg
TEBO-RIMBO ILIR-SEPAKAT BERSATU-005,TEBO,-1.38579,102.18694,THUMBNAIL,211x143,D__011. ESDM_Penerangan Jalan Umum Tenaga Surya 2026_2026_03. Foto_TEBO-RIMBO ILIR-SEPAKAT BERSATU-005.jpg
TEBO-SUMAY-TERITI-001,TEBO,-1.38554,102.4339,THUMBNAIL,211x143,D__011. ESDM_Penerangan Jalan Umum Tenaga Surya 2026_2026_03. Foto_TEBO-SUMAY-TERITI-001.jpg
TEBO-SUMAY-TERITI-002,TEBO,-1.3847,102.43424,THUMBNAIL,211x143,D__011. ESDM_Penerangan Jalan Umum Tenaga Surya 2026_2026_03. Foto_TEBO-SUMAY-TERITI-002.jpg
TEBO-SUMAY-TERITI-003,TEBO,-1.39054,102.43025,THUMBNAIL,211x144,D__011. ESDM_Penerangan Jalan Umum Tenaga Surya 2026_2026_03. Foto_TEBO-SUMAY-TERITI-003.jpg
TEBO-SUMAY-TERITI-004,TEBO,-1.39082,102.43064,THUMBNAIL,211x143,D__011. ESDM_Penerangan Jalan Umum Tenaga Surya 2026_2026_03. Foto_TEBO-SUMAY-TERITI-004.jpg
TEBO-SUMAY-TERITI-005,TEBO,-1.39005,102.43173,THUMBNAIL,211x143,D__011. ESDM_Penerangan Jalan Umum Tenaga Surya 2026_2026_03. Foto_TEBO-SUMAY-TERITI-005.jpg
TEBO-TEBO ILIR-BETUNG BEDARAH-001,TEBO,-1.55505,102.65906,THUMBNAIL,210x310,D__011. ESDM_Penerangan Jalan Umum Tenaga Surya 2026_2026_03. Foto_TEBO-TEBO ILIR-BETUNG BEDARAH-001.jpg
TEBO-TEBO ILIR-BETUNG BEDARAH-002,TEBO,-1.5543,102.65899,THUMBNAIL,210x310,D__011. ESDM_Penerangan Jalan Umum Tenaga Surya 2026_2026_03. Foto_TEBO-TEBO ILIR-BETUNG BEDARAH-002.jpg
TEBO-TEBO TENGAH-BEDARO RAMPAK-001,TEBO,-1.46117,102.44415,THUMBNAIL,211x143,D__011. ESDM_Penerangan Jalan Umum Tenaga Surya 2026_2026_03. Foto_TEBO-TEBO TENGAH-BEDARO RAMPAK-001.jpg
TEBO-TEBO TENGAH-BEDARO RAMPAK-002,TEBO,-1.46099,102.44376,THUMBNAIL,211x143,D__011. ESDM_Penerangan Jalan Umum Tenaga Surya 2026_2026_03. Foto_TEBO-TEBO TENGAH-BEDARO RAMPAK-002.jpg
TEBO-TEBO TENGAH-BEDARO RAMPAK-004,TEBO,-1.46155,102.4442,THUMBNAIL,482x328,D__011. ESDM_Penerangan Jalan Umum Tenaga Surya 2026_2026_03. Foto_TEBO-TEBO TENGAH-BEDARO RAMPAK-004.jpg
TEBO-TEBO TENGAH-BEDARO RAMPAK-005,TEBO,-1.46393,102.43977,THUMBNAIL,482x314,D__011. ESDM_Penerangan Jalan Umum Tenaga Surya 2026_2026_03. Foto_TEBO-TEBO TENGAH-BEDARO RAMPAK-005.jpg
TEBO-TEBO TENGAH-BEDARO RAMPAK-006,TEBO,-1.46367,102.44052,THUMBNAIL,211x143,D__011. ESDM_Penerangan Jalan Umum Tenaga Surya 2026_2026_03. Foto_TEBO-TEBO TENGAH-BEDARO RAMPAK-006.jpg
TEBO-TEBO TENGAH-BEDARO RAMPAK-007,TEBO,-1.46533,102.44776,THUMBNAIL,482x339,D__011. ESDM_Penerangan Jalan Umum Tenaga Surya 2026_2026_03. Foto_TEBO-TEBO TENGAH-BEDARO RAMPAK-007.jpg
TEBO-TEBO TENGAH-BEDARO RAMPAK-008,TEBO,-1.46944,102.44789,THUMBNAIL,211x143,D__011. ESDM_Penerangan Jalan Umum Tenaga Surya 2026_2026_03. Foto_TEBO-TEBO TENGAH-BEDARO RAMPAK-008.jpg
TEBO-TEBO TENGAH-BEDARO RAMPAK-009,TEBO,-1.46935,102.4472,THUMBNAIL,211x143,D__011. ESDM_Penerangan Jalan Umum Tenaga Surya 2026_2026_03. Foto_TEBO-TEBO TENGAH-BEDARO RAMPAK-009.jpg
TEBO-TEBO TENGAH-BEDARO RAMPAK-010,TEBO,-1.47783,102.45191,THUMBNAIL,211x143,D__011. ESDM_Penerangan Jalan Umum Tenaga Surya 2026_2026_03. Foto_TEBO-TEBO TENGAH-BEDARO RAMPAK-010.jpg
TEBO-TEBO TENGAH-MANGUN JAYO-001,TEBO,-1.4913,102.4619,THUMBNAIL,211x143,D__011. ESDM_Penerangan Jalan Umum Tenaga Surya 2026_2026_03. Foto_TEBO-TEBO TENGAH-MANGUN JAYO-001.jpg
TEBO-TEBO TENGAH-MANGUN JAYO-002,TEBO,-1.49125,102.46267,THUMBNAIL,211x143,D__011. ESDM_Penerangan Jalan Umum Tenaga Surya 2026_2026_03. Foto_TEBO-TEBO TENGAH-MANGUN JAYO-002.jpg
TEBO-TEBO TENGAH-MANGUN JAYO-003,TEBO,-1.49091,102.46362,THUMBNAIL,211x144,D__011. ESDM_Penerangan Jalan Umum Tenaga Surya 2026_2026_03. Foto_TEBO-TEBO TENGAH-MANGUN JAYO-003.jpg
TEBO-TEBO TENGAH-MANGUN JAYO-004,TEBO,-1.49142,102.45957,THUMBNAIL,211x143,D__011. ESDM_Penerangan Jalan Umum Tenaga Surya 2026_2026_03. Foto_TEBO-TEBO TENGAH-MANGUN JAYO-004.jpg
TEBO-TEBO TENGAH-MANGUN JAYO-005,TEBO,-1.49126,102.45907,THUMBNAIL,211x143,D__011. ESDM_Penerangan Jalan Umum Tenaga Surya 2026_2026_03. Foto_TEBO-TEBO TENGAH-MANGUN JAYO-005.jpg
TEBO-TEBO TENGAH-MANGUN JAYO-006,TEBO,-1.48731,102.44794,THUMBNAIL,211x143,D__011. ESDM_Penerangan Jalan Umum Tenaga Surya 2026_2026_03. Foto_TEBO-TEBO TENGAH-MANGUN JAYO-006.jpg
TEBO-TEBO TENGAH-MANGUN JAYO-008,TEBO,-1.50446,102.44912,THUMBNAIL,211x143,D__011. ESDM_Penerangan Jalan Umum Tenaga Surya 2026_2026_03. Foto_TEBO-TEBO TENGAH-MANGUN JAYO-008.jpg
TEBO-TEBO TENGAH-MANGUN JAYO-009,TEBO,-1.52694,102.44511,THUMBNAIL,211x143,D__011. ESDM_Penerangan Jalan Umum Tenaga Surya 2026_2026_03. Foto_TEBO-TEBO TENGAH-MANGUN JAYO-009.jpg
TEBO-TEBO TENGAH-MANGUN JAYO-010,TEBO,-1.5256,102.44522,THUMBNAIL,211x143,D__011. ESDM_Penerangan Jalan Umum Tenaga Surya 2026_2026_03. Foto_TEBO-TEBO TENGAH-MANGUN JAYO-010.jpg
TEBO-TENGAH ILIR-RANTAU API-001,TEBO,-1.51605,102.6406,THUMBNAIL,210x310,D__011. ESDM_Penerangan Jalan Umum Tenaga Surya 2026_2026_03. Foto_TEBO-TENGAH ILIR-RANTAU API-001.jpg
TEBO-TENGAH ILIR-RANTAU API-002,TEBO,-1.47454,102.66977,THUMBNAIL,210x310,D__011. ESDM_Penerangan Jalan Umum Tenaga Surya 2026_2026_03. Foto_TEBO-TENGAH ILIR-RANTAU API-002.jpg
TEBO-VII KOTO-AUR CINO-001,TEBO,-1.15632,102.02381,THUMBNAIL,210x310,D__011. ESDM_Penerangan Jalan Umum Tenaga Surya 2026_2026_03. Foto_TEBO-VII KOTO-AUR CINO-001.jpg
TEBO-VII KOTO-AUR CINO-002,TEBO,-1.16021,102.04069,THUMBNAIL,210x310,D__011. ESDM_Penerangan Jalan Umum Tenaga Surya 2026_2026_03. Foto_TEBO-VII KOTO-AUR CINO-002.jpg
TEBO-VII KOTO-AUR CINO-003,TEBO,-1.14415,102.04157,THUMBNAIL,210x310,D__011. ESDM_Penerangan Jalan Umum Tenaga Surya 2026_2026_03. Foto_TEBO-VII KOTO-AUR CINO-003.jpg
TEBO-VII KOTO-AUR CINO-004,TEBO,-1.14747,102.05188,THUMBNAIL,210x310,D__011. ESDM_Penerangan Jalan Umum Tenaga Surya 2026_2026_03. Foto_TEBO-VII KOTO-AUR CINO-004.jpg
TEBO-VII KOTO-TELUK KAYU PUTIH-001,TEBO,-1.17019,101.99115,THUMBNAIL,210x310,D__011. ESDM_Penerangan Jalan Umum Tenaga Surya 2026_2026_03. Foto_TEBO-VII KOTO-TELUK KAYU PUTIH-001.jpg
TEBO-VII KOTO-TELUK KAYU PUTIH-002,TEBO,-1.17056,101.99138,THUMBNAIL,210x310,D__011. ESDM_Penerangan Jalan Umum Tenaga Surya 2026_2026_03. Foto_TEBO-VII KOTO-TELUK KAYU PUTIH-002.jpg
TEBO-VII KOTO-TELUK KAYU PUTIH-003,TEBO,-1.16953,101.99103,THUMBNAIL,210x310,D__011. ESDM_Penerangan Jalan Umum Tenaga Surya 2026_2026_03. Foto_TEBO-VII KOTO-TELUK KAYU PUTIH-003.jpg
TEBO-VII KOTO-TELUK KAYU PUTIH-004,TEBO,-1.16962,101.99032,THUMBNAIL,210x310,D__011. ESDM_Penerangan Jalan Umum Tenaga Surya 2026_2026_03. Foto_TEBO-VII KOTO-TELUK KAYU PUTIH-004.jpg
BATANG HARI-MUARA BULIAN-RENGAS CONDONG-003,BATANG HARI,-1.732755,103.277695,TIDAK ADA FIELD,,
KERINCI-SIULAK MUKAI-TALANG TINGGI-007,KERINCI,-1.947803,101.351618,TIDAK ADA FIELD,,
