No;Jarak (m);Pita;Nomor A;Nomor B;Kabupaten;Kecamatan;Desa/Kelurahan;Lon A;Lat A;Lon B;Lat B;Tanggal A;Tanggal B;Pengusul;Foto A;Foto B;Foto Identik;Status Koordinat;Keputusan;Catatan Petugas
1;0.9;<5 m;MUARO BUNGO-SEPENGGAL LINTAS-LUBUK LANDAI-002;MUARO BUNGO-SEPENGGAL LINTAS-LUBUK LANDAI-003;MUARO BUNGO;SEPENGGAL LINTAS;LUBUK LANDAI;101.953416;-1.400867;101.95341;-1.400872;12/02/2026;12/02/2026;Hambali;MUARO BUNGO-SEPENGGAL LINTAS-LUBUK LANDAI-002.jpg;MUARO BUNGO-SEPENGGAL LINTAS-LUBUK LANDAI-003.jpg;tidak;kedua koordinat sah;;
2;1.6;<5 m;KERINCI-SIULAK-TEBING TINGGI-001;KERINCI-SIULAK-TEBING TINGGI-002;KERINCI;SIULAK;TEBING TINGGI;101.34692;-1.95116;101.34693;-1.95115;11/06/2026;11/06/2026;Bupati Kerinci;KERINCI-SIULAK-TEBING TINGGI-001.jpg;KERINCI-SIULAK-TEBING TINGGI-002.jpg;tidak;kedua koordinat sah;;
3;3.6;<5 m;TEBO-MUARA TABIR-PINTAS TUO-001;TEBO-MUARA TABIR-PINTAS TUO-002;TEBO;MUARA TABIR;PINTAS TUO;102.56526;-1.6412;102.565292;-1.641196;03/06/2026;03/06/2026;Mazlan, S.Kom., M.E.;TEBO-MUARA TABIR-PINTAS TUO-001.jpg;TEBO-MUARA TABIR-PINTAS TUO-002.jpg;tidak;kedua koordinat sah;;
4;4.8;<5 m;SAROLANGUN-BATANG ASAI-BATU EMPANG-005;SAROLANGUN-BATANG ASAI-BATU EMPANG-007;SAROLANGUN;BATANG ASAI;BATU EMPANG;102.23543;-2.627897;102.235392;-2.627876;28/02/2026;28/02/2026;Gubernur Jambi;SAROLANGUN-BATANG ASAI-BATU EMPANG-005.jpg;SAROLANGUN-BATANG ASAI-BATU EMPANG-007.jpg;tidak;salah satu menunggu ukur ulang;;
5;4.8;<5 m;SAROLANGUN-BATANG ASAI-BATU EMPANG-006;SAROLANGUN-BATANG ASAI-BATU EMPANG-007;SAROLANGUN;BATANG ASAI;BATU EMPANG;102.23543;-2.627897;102.235392;-2.627876;28/02/2026;28/02/2026;Gubernur Jambi;SAROLANGUN-BATANG ASAI-BATU EMPANG-006.jpg;SAROLANGUN-BATANG ASAI-BATU EMPANG-007.jpg;tidak;kedua koordinat sah;;
6;9.5;5-10 m;TANJUNG JABUNG TIMUR-MUARA SABAK TIMUR-MUARA SABAK ILIR-003;TANJUNG JABUNG TIMUR-MUARA SABAK TIMUR-MUARA SABAK ILIR-004;TANJUNG JABUNG TIMUR;MUARA SABAK TIMUR;MUARA SABAK ILIR;103.88408;-1.12497;103.88416;-1.12494;03/08/2026;03/08/2026;Yudhi (NasDem);TANJUNG JABUNG TIMUR-MUARA SABAK TIMUR-MUARA SABAK ILIR-003.jpg;TANJUNG JABUNG TIMUR-MUARA SABAK TIMUR-MUARA SABAK ILIR-004.jpg;tidak;kedua koordinat sah;;
7;9.7;5-10 m;MERANGIN-TIANG PUMPUNG-SEKANCING-020;MERANGIN-TIANG PUMPUNG-SEKANCING-029;MERANGIN;TIANG PUMPUNG;SEKANCING;102.185517;-2.256713;102.185592;-2.256757;28/06/2026;29/06/2026;Gubernur Jambi;MERANGIN-TIANG PUMPUNG-SEKANCING-020.jpg;MERANGIN-TIANG PUMPUNG-SEKANCING-029.jpg;tidak;kedua koordinat sah;;
8;9.9;5-10 m;KOTA JAMBI-DANAU TELUK-TANJUNG RADEN-001;KOTA JAMBI-DANAU TELUK-TANJUNG RADEN-003;KOTA JAMBI;DANAU TELUK;TANJUNG RADEN;103.58653;-1.58544;103.58645;-1.5854;13/05/2026;13/05/2026;Gubernur Jambi;KOTA JAMBI-DANAU TELUK-TANJUNG RADEN-001.jpg;KOTA JAMBI-DANAU TELUK-TANJUNG RADEN-003.jpg;tidak;kedua koordinat sah;;
9;10.0;10-20 m;TEBO-MUARA TABIR-EMBACANG GEDANG-005;TEBO-MUARA TABIR-EMBACANG GEDANG-006;TEBO;MUARA TABIR;EMBACANG GEDANG;102.519337;-1.650156;102.519275;-1.650222;03/06/2026;03/06/2026;Mazlan, S.Kom., M.E.;TEBO-MUARA TABIR-EMBACANG GEDANG-005.jpg;TEBO-MUARA TABIR-EMBACANG GEDANG-006.jpg;tidak;kedua koordinat sah;;
10;10.0;10-20 m;TEBO-MUARA TABIR-EMBACANG GEDANG-005;TEBO-MUARA TABIR-EMBACANG GEDANG-007;TEBO;MUARA TABIR;EMBACANG GEDANG;102.519337;-1.650156;102.519275;-1.650222;03/06/2026;03/06/2026;Mazlan, S.Kom., M.E.;TEBO-MUARA TABIR-EMBACANG GEDANG-005.jpg;TEBO-MUARA TABIR-EMBACANG GEDANG-007.jpg;tidak;salah satu menunggu ukur ulang;;
11;10.0;10-20 m;TEBO-MUARA TABIR-EMBACANG GEDANG-005;TEBO-MUARA TABIR-EMBACANG GEDANG-008;TEBO;MUARA TABIR;EMBACANG GEDANG;102.519337;-1.650156;102.519275;-1.650222;03/06/2026;03/06/2026;Mazlan, S.Kom., M.E.;TEBO-MUARA TABIR-EMBACANG GEDANG-005.jpg;TEBO-MUARA TABIR-EMBACANG GEDANG-008.jpg;tidak;salah satu menunggu ukur ulang;;
12;10.0;10-20 m;TEBO-MUARA TABIR-EMBACANG GEDANG-005;TEBO-MUARA TABIR-EMBACANG GEDANG-009;TEBO;MUARA TABIR;EMBACANG GEDANG;102.519337;-1.650156;102.519275;-1.650222;03/06/2026;03/06/2026;Mazlan, S.Kom., M.E.;TEBO-MUARA TABIR-EMBACANG GEDANG-005.jpg;TEBO-MUARA TABIR-EMBACANG GEDANG-009.jpg;tidak;salah satu menunggu ukur ulang;;
13;10.0;10-20 m;TEBO-MUARA TABIR-EMBACANG GEDANG-005;TEBO-MUARA TABIR-EMBACANG GEDANG-010;TEBO;MUARA TABIR;EMBACANG GEDANG;102.519337;-1.650156;102.519275;-1.650222;03/06/2026;03/06/2026;Mazlan, S.Kom., M.E.;TEBO-MUARA TABIR-EMBACANG GEDANG-005.jpg;TEBO-MUARA TABIR-EMBACANG GEDANG-010.jpg;tidak;salah satu menunggu ukur ulang;;
14;10.1;10-20 m;TEBO-MUARA TABIR-EMBACANG GEDANG-013;TEBO-MUARA TABIR-EMBACANG GEDANG-014;TEBO;MUARA TABIR;EMBACANG GEDANG;102.51655;-1.64993;102.51646;-1.64994;03/06/2026;03/06/2026;Mazlan, S.Kom., M.E.;TEBO-MUARA TABIR-EMBACANG GEDANG-013.jpg;TEBO-MUARA TABIR-EMBACANG GEDANG-014.jpg;tidak;kedua koordinat sah;;
15;10.1;10-20 m;TEBO-RIMBO ILIR-SEPAKAT BERSATU-003;TEBO-RIMBO ILIR-SEPAKAT BERSATU-004;TEBO;RIMBO ILIR;SEPAKAT BERSATU;102.18799;-1.3853;102.18808;-1.38529;12/02/2026;12/02/2026;Eka Majid;TEBO-RIMBO ILIR-SEPAKAT BERSATU-003.jpg;TEBO-RIMBO ILIR-SEPAKAT BERSATU-004.jpg;tidak;kedua koordinat sah;;
16;10.2;10-20 m;TANJUNG JABUNG BARAT-BATANG ASAM-DUSUN KEBUN-002;TANJUNG JABUNG BARAT-BATANG ASAM-DUSUN KEBUN-001;TANJUNG JABUNG BARAT;BATANG ASAM;DUSUN KEBUN;102.96432;-1.0674;102.96438;-1.06733;04/03/2026;04/03/2026;Ahmad Jahfar;TANJUNG JABUNG BARAT-BATANG ASAM-DUSUN KEBUN-002.jpg;TANJUNG JABUNG BARAT-BATANG ASAM-DUSUN KEBUN-001.jpg;tidak;kedua koordinat sah;;
17;10.9;10-20 m;KOTA JAMBI-JAMBI TIMUR-TANJUNG PINANG-005;KOTA JAMBI-JAMBI TIMUR-TANJUNG PINANG-006;KOTA JAMBI;JAMBI TIMUR;TANJUNG PINANG;103.63077;-1.59057;103.63073;-1.59048;13/05/2026;13/05/2026;Putra Absor Hasibuan, S.H.;KOTA JAMBI-JAMBI TIMUR-TANJUNG PINANG-005.jpg;KOTA JAMBI-JAMBI TIMUR-TANJUNG PINANG-006.jpg;tidak;salah satu menunggu ukur ulang;;
18;10.9;10-20 m;KOTA JAMBI-JAMBI TIMUR-TANJUNG PINANG-004;KOTA JAMBI-JAMBI TIMUR-TANJUNG PINANG-005;KOTA JAMBI;JAMBI TIMUR;TANJUNG PINANG;103.63073;-1.59048;103.63077;-1.59057;13/05/2026;13/05/2026;Putra Absor Hasibuan, S.H.;KOTA JAMBI-JAMBI TIMUR-TANJUNG PINANG-004.jpg;KOTA JAMBI-JAMBI TIMUR-TANJUNG PINANG-005.jpg;tidak;salah satu menunggu ukur ulang;;
19;10.9;10-20 m;TEBO-MUARA TABIR-EMBACANG GEDANG-001;TEBO-MUARA TABIR-EMBACANG GEDANG-002;TEBO;MUARA TABIR;EMBACANG GEDANG;102.5195;-1.64932;102.51941;-1.64928;03/06/2026;03/06/2026;Mazlan, S.Kom., M.E.;TEBO-MUARA TABIR-EMBACANG GEDANG-001.jpg;TEBO-MUARA TABIR-EMBACANG GEDANG-002.jpg;tidak;kedua koordinat sah;;
20;13.4;10-20 m;KOTA JAMBI-KOTA BARU-RAWA SARI-011;KOTA JAMBI-KOTA BARU-RAWA SARI-012;KOTA JAMBI;KOTA BARU;RAWA SARI;103.56784;-1.62021;103.56772;-1.6202;25/06/2026;25/06/2026;Gubernur Jambi;KOTA JAMBI-KOTA BARU-RAWA SARI-011.png;KOTA JAMBI-KOTA BARU-RAWA SARI-012.png;tidak;kedua koordinat sah;;
21;14.2;10-20 m;KERINCI-SIULAK MUKAI-SENIMPIK-003;KERINCI-SIULAK MUKAI-SENIMPIK-004;KERINCI;SIULAK MUKAI;SENIMPIK;101.34333;-1.9502;101.34325;-1.9501;11/06/2026;11/06/2026;Bupati Kerinci;KERINCI-SIULAK MUKAI-SENIMPIK-003.jpg;KERINCI-SIULAK MUKAI-SENIMPIK-004.jpg;tidak;kedua koordinat sah;;
22;14.5;10-20 m;KOTA JAMBI-KOTA BARU-SIMPANG III SIPIN-001;KOTA JAMBI-KOTA BARU-SIMPANG III SIPIN-002;KOTA JAMBI;KOTA BARU;SIMPANG III SIPIN;103.58706;-1.63328;103.58693;-1.63329;14/05/2026;14/05/2026;Ir. Daulat Sitorus;KOTA JAMBI-KOTA BARU-SIMPANG III SIPIN-001.jpg;KOTA JAMBI-KOTA BARU-SIMPANG III SIPIN-002.jpg;tidak;kedua koordinat sah;;
23;15.1;10-20 m;KOTA JAMBI-DANAU TELUK-TANJUNG RADEN-006;KOTA JAMBI-DANAU TELUK-TANJUNG RADEN-013;KOTA JAMBI;DANAU TELUK;TANJUNG RADEN;103.58649;-1.58518;103.586622;-1.58521;13/05/2026;26/05/2026;Gubernur Jambi;KOTA JAMBI-DANAU TELUK-TANJUNG RADEN-006.jpg;KOTA JAMBI-DANAU TELUK-TANJUNG RADEN-013.jpg;tidak;kedua koordinat sah;;
24;17.3;10-20 m;KOTA JAMBI-JAMBI TIMUR-KASANG JAYA-002;KOTA JAMBI-JAMBI TIMUR-KASANG JAYA-003;KOTA JAMBI;JAMBI TIMUR;KASANG JAYA;103.63131;-1.58651;103.63146;-1.58655;13/05/2026;13/05/2026;Putra Absor Hasibuan, S.H.;KOTA JAMBI-JAMBI TIMUR-KASANG JAYA-002.jpg;KOTA JAMBI-JAMBI TIMUR-KASANG JAYA-003.jpg;tidak;kedua koordinat sah;;
25;18.9;10-20 m;KOTA JAMBI-DANAU TELUK-TANJUNG RADEN-006;KOTA JAMBI-DANAU TELUK-TANJUNG RADEN-007;KOTA JAMBI;DANAU TELUK;TANJUNG RADEN;103.58649;-1.58518;103.586325;-1.58514;13/05/2026;26/05/2026;Gubernur Jambi;KOTA JAMBI-DANAU TELUK-TANJUNG RADEN-006.jpg;KOTA JAMBI-DANAU TELUK-TANJUNG RADEN-007.jpg;tidak;kedua koordinat sah;;
26;19.1;10-20 m;TEBO-MUARA TABIR-EMBACANG GEDANG-003;TEBO-MUARA TABIR-EMBACANG GEDANG-004;TEBO;MUARA TABIR;EMBACANG GEDANG;102.51943;-1.6498;102.51929;-1.6499;03/06/2026;03/06/2026;Mazlan, S.Kom., M.E.;TEBO-MUARA TABIR-EMBACANG GEDANG-003.jpg;TEBO-MUARA TABIR-EMBACANG GEDANG-004.jpg;tidak;kedua koordinat sah;;
27;19.9;10-20 m;KOTA JAMBI-JAMBI TIMUR-TANJUNG PINANG-004;KOTA JAMBI-JAMBI TIMUR-TANJUNG PINANG-007;KOTA JAMBI;JAMBI TIMUR;TANJUNG PINANG;103.63073;-1.59048;103.63074;-1.5903;13/05/2026;13/05/2026;Putra Absor Hasibuan, S.H.;KOTA JAMBI-JAMBI TIMUR-TANJUNG PINANG-004.jpg;KOTA JAMBI-JAMBI TIMUR-TANJUNG PINANG-007.jpg;tidak;salah satu menunggu ukur ulang;;
28;19.9;10-20 m;KOTA JAMBI-JAMBI TIMUR-TANJUNG PINANG-006;KOTA JAMBI-JAMBI TIMUR-TANJUNG PINANG-007;KOTA JAMBI;JAMBI TIMUR;TANJUNG PINANG;103.63073;-1.59048;103.63074;-1.5903;13/05/2026;13/05/2026;Putra Absor Hasibuan, S.H.;KOTA JAMBI-JAMBI TIMUR-TANJUNG PINANG-006.jpg;KOTA JAMBI-JAMBI TIMUR-TANJUNG PINANG-007.jpg;tidak;salah satu menunggu ukur ulang;;
29;20.4;20-30 m;MERANGIN-TIANG PUMPUNG-SEKANCING-015;MERANGIN-TIANG PUMPUNG-SEKANCING-016;MERANGIN;TIANG PUMPUNG;SEKANCING;102.18659;-2.256035;102.18656;-2.256217;28/06/2026;28/06/2026;Gubernur Jambi;MERANGIN-TIANG PUMPUNG-SEKANCING-015.jpg;MERANGIN-TIANG PUMPUNG-SEKANCING-016.jpg;tidak;kedua koordinat sah;;
30;21.6;20-30 m;KOTA JAMBI-TELANAIPURA-TELANAIPURA-003;KOTA JAMBI-TELANAIPURA-TELANAIPURA-004;KOTA JAMBI;TELANAIPURA;TELANAIPURA;103.57683;-1.60463;103.57667;-1.60474;26/06/2026;26/06/2026;Gubernur Jambi;KOTA JAMBI-TELANAIPURA-TELANAIPURA-003.png;KOTA JAMBI-TELANAIPURA-TELANAIPURA-004.png;tidak;kedua koordinat sah;;
31;23.5;20-30 m;KOTA JAMBI-DANAU TELUK-TANJUNG RADEN-003;KOTA JAMBI-DANAU TELUK-TANJUNG RADEN-008;KOTA JAMBI;DANAU TELUK;TANJUNG RADEN;103.58645;-1.5854;103.586269;-1.58551;13/05/2026;26/05/2026;Gubernur Jambi;KOTA JAMBI-DANAU TELUK-TANJUNG RADEN-003.jpg;KOTA JAMBI-DANAU TELUK-TANJUNG RADEN-008.jpg;tidak;kedua koordinat sah;;
32;23.7;20-30 m;SAROLANGUN-BATANG ASAI-BATU EMPANG-004;SAROLANGUN-BATANG ASAI-BATU EMPANG-007;SAROLANGUN;BATANG ASAI;BATU EMPANG;102.235267;-2.62805;102.235392;-2.627876;28/02/2026;28/02/2026;Gubernur Jambi;SAROLANGUN-BATANG ASAI-BATU EMPANG-004.jpg;SAROLANGUN-BATANG ASAI-BATU EMPANG-007.jpg;tidak;kedua koordinat sah;;
33;24.4;20-30 m;MERANGIN-PAMENANG-PAMENANG-005;MERANGIN-PAMENANG-PAMENANG-007;MERANGIN;PAMENANG;PAMENANG;102.51771;-2.11819;102.51773;-2.11797;27/02/2026;27/02/2026;Buya Syaparudin;MERANGIN-PAMENANG-PAMENANG-005.jpg;MERANGIN-PAMENANG-PAMENANG-007.jpg;tidak;kedua koordinat sah;;
34;24.7;20-30 m;SAROLANGUN-BATANG ASAI-BATU EMPANG-008;SAROLANGUN-BATANG ASAI-BATU EMPANG-009;SAROLANGUN;BATANG ASAI;BATU EMPANG;102.234994;-2.62745;102.234956;-2.62723;28/02/2026;28/02/2026;Gubernur Jambi;SAROLANGUN-BATANG ASAI-BATU EMPANG-008.jpg;SAROLANGUN-BATANG ASAI-BATU EMPANG-009.jpg;tidak;kedua koordinat sah;;
35;24.7;20-30 m;KOTA JAMBI-DANAU TELUK-TANJUNG RADEN-003;KOTA JAMBI-DANAU TELUK-TANJUNG RADEN-006;KOTA JAMBI;DANAU TELUK;TANJUNG RADEN;103.58645;-1.5854;103.58649;-1.58518;13/05/2026;13/05/2026;Gubernur Jambi;KOTA JAMBI-DANAU TELUK-TANJUNG RADEN-003.jpg;KOTA JAMBI-DANAU TELUK-TANJUNG RADEN-006.jpg;tidak;kedua koordinat sah;;
36;24.8;20-30 m;SAROLANGUN-BATANG ASAI-BATU EMPANG-004;SAROLANGUN-BATANG ASAI-BATU EMPANG-005;SAROLANGUN;BATANG ASAI;BATU EMPANG;102.235267;-2.62805;102.23543;-2.627897;28/02/2026;28/02/2026;Gubernur Jambi;SAROLANGUN-BATANG ASAI-BATU EMPANG-004.jpg;SAROLANGUN-BATANG ASAI-BATU EMPANG-005.jpg;tidak;salah satu menunggu ukur ulang;;
37;24.8;20-30 m;SAROLANGUN-BATANG ASAI-BATU EMPANG-004;SAROLANGUN-BATANG ASAI-BATU EMPANG-006;SAROLANGUN;BATANG ASAI;BATU EMPANG;102.235267;-2.62805;102.23543;-2.627897;28/02/2026;28/02/2026;Gubernur Jambi;SAROLANGUN-BATANG ASAI-BATU EMPANG-004.jpg;SAROLANGUN-BATANG ASAI-BATU EMPANG-006.jpg;tidak;kedua koordinat sah;;
38;27.1;20-30 m;KOTA JAMBI-JAMBI TIMUR-KASANG JAYA-004;KOTA JAMBI-JAMBI TIMUR-KASANG JAYA-006;KOTA JAMBI;JAMBI TIMUR;KASANG JAYA;103.63023;-1.58752;103.63046;-1.5876;13/05/2026;13/05/2026;Putra Absor Hasibuan, S.H.;KOTA JAMBI-JAMBI TIMUR-KASANG JAYA-004.jpg;KOTA JAMBI-JAMBI TIMUR-KASANG JAYA-006.jpg;tidak;kedua koordinat sah;;
39;27.4;20-30 m;KOTA JAMBI-DANAU TELUK-TANJUNG RADEN-001;KOTA JAMBI-DANAU TELUK-TANJUNG RADEN-013;KOTA JAMBI;DANAU TELUK;TANJUNG RADEN;103.58653;-1.58544;103.586622;-1.58521;13/05/2026;26/05/2026;Gubernur Jambi;KOTA JAMBI-DANAU TELUK-TANJUNG RADEN-001.jpg;KOTA JAMBI-DANAU TELUK-TANJUNG RADEN-013.jpg;tidak;kedua koordinat sah;;
40;28.3;20-30 m;KERINCI-GUNUNG KERINCI-SIULAK DERAS MUDIK-007;KERINCI-GUNUNG KERINCI-SIULAK DERAS MUDIK-008;KERINCI;GUNUNG KERINCI;SIULAK DERAS MUDIK;101.29836;-1.89444;101.29813;-1.89433;11/06/2026;11/06/2026;Arwiyanto, S.E.;KERINCI-GUNUNG KERINCI-SIULAK DERAS MUDIK-007.jpg;KERINCI-GUNUNG KERINCI-SIULAK DERAS MUDIK-008.jpg;tidak;kedua koordinat sah;;
41;28.4;20-30 m;KOTA JAMBI-DANAU TELUK-TANJUNG RADEN-003;KOTA JAMBI-DANAU TELUK-TANJUNG RADEN-013;KOTA JAMBI;DANAU TELUK;TANJUNG RADEN;103.58645;-1.5854;103.586622;-1.58521;13/05/2026;26/05/2026;Gubernur Jambi;KOTA JAMBI-DANAU TELUK-TANJUNG RADEN-003.jpg;KOTA JAMBI-DANAU TELUK-TANJUNG RADEN-013.jpg;tidak;kedua koordinat sah;;
42;28.8;20-30 m;TEBO-MUARA TABIR-EMBACANG GEDANG-004;TEBO-MUARA TABIR-EMBACANG GEDANG-005;TEBO;MUARA TABIR;EMBACANG GEDANG;102.51929;-1.6499;102.519337;-1.650156;03/06/2026;03/06/2026;Mazlan, S.Kom., M.E.;TEBO-MUARA TABIR-EMBACANG GEDANG-004.jpg;TEBO-MUARA TABIR-EMBACANG GEDANG-005.jpg;tidak;kedua koordinat sah;;
43;29.1;20-30 m;KOTA JAMBI-DANAU TELUK-TANJUNG RADEN-001;KOTA JAMBI-DANAU TELUK-TANJUNG RADEN-006;KOTA JAMBI;DANAU TELUK;TANJUNG RADEN;103.58653;-1.58544;103.58649;-1.58518;13/05/2026;13/05/2026;Gubernur Jambi;KOTA JAMBI-DANAU TELUK-TANJUNG RADEN-001.jpg;KOTA JAMBI-DANAU TELUK-TANJUNG RADEN-006.jpg;tidak;kedua koordinat sah;;
44;30.0;30-50 m;KOTA JAMBI-JAMBI TIMUR-TANJUNG PINANG-005;KOTA JAMBI-JAMBI TIMUR-TANJUNG PINANG-007;KOTA JAMBI;JAMBI TIMUR;TANJUNG PINANG;103.63077;-1.59057;103.63074;-1.5903;13/05/2026;13/05/2026;Putra Absor Hasibuan, S.H.;KOTA JAMBI-JAMBI TIMUR-TANJUNG PINANG-005.jpg;KOTA JAMBI-JAMBI TIMUR-TANJUNG PINANG-007.jpg;tidak;kedua koordinat sah;;
45;30.1;30-50 m;KOTA JAMBI-DANAU TELUK-TANJUNG RADEN-001;KOTA JAMBI-DANAU TELUK-TANJUNG RADEN-008;KOTA JAMBI;DANAU TELUK;TANJUNG RADEN;103.58653;-1.58544;103.586269;-1.58551;13/05/2026;26/05/2026;Gubernur Jambi;KOTA JAMBI-DANAU TELUK-TANJUNG RADEN-001.jpg;KOTA JAMBI-DANAU TELUK-TANJUNG RADEN-008.jpg;tidak;kedua koordinat sah;;
46;30.4;30-50 m;TANJUNG JABUNG BARAT-SENYERANG-SUNGAI KAYU ARO-005;TANJUNG JABUNG BARAT-SENYERANG-SUNGAI KAYU ARO-004;TANJUNG JABUNG BARAT;SENYERANG;SUNGAI KAYU ARO;103.13523;-0.75725;103.13518;-0.75752;04/03/2026;04/03/2026;Ahmad Jahfar;TANJUNG JABUNG BARAT-SENYERANG-SUNGAI KAYU ARO-005.jpg;TANJUNG JABUNG BARAT-SENYERANG-SUNGAI KAYU ARO-004.jpg;tidak;kedua koordinat sah;;
47;31.0;30-50 m;KOTA JAMBI-DANAU TELUK-TANJUNG RADEN-002;KOTA JAMBI-DANAU TELUK-TANJUNG RADEN-005;KOTA JAMBI;DANAU TELUK;TANJUNG RADEN;103.58651;-1.5849;103.58649;-1.58462;13/05/2026;13/05/2026;Gubernur Jambi;KOTA JAMBI-DANAU TELUK-TANJUNG RADEN-002.jpg;KOTA JAMBI-DANAU TELUK-TANJUNG RADEN-005.jpg;tidak;kedua koordinat sah;;
48;31.0;30-50 m;KOTA JAMBI-DANAU TELUK-TANJUNG RADEN-002;KOTA JAMBI-DANAU TELUK-TANJUNG RADEN-006;KOTA JAMBI;DANAU TELUK;TANJUNG RADEN;103.58651;-1.5849;103.58649;-1.58518;13/05/2026;13/05/2026;Gubernur Jambi;KOTA JAMBI-DANAU TELUK-TANJUNG RADEN-002.jpg;KOTA JAMBI-DANAU TELUK-TANJUNG RADEN-006.jpg;tidak;kedua koordinat sah;;
49;31.9;30-50 m;KOTA JAMBI-DANAU TELUK-TANJUNG RADEN-003;KOTA JAMBI-DANAU TELUK-TANJUNG RADEN-007;KOTA JAMBI;DANAU TELUK;TANJUNG RADEN;103.58645;-1.5854;103.586325;-1.58514;13/05/2026;26/05/2026;Gubernur Jambi;KOTA JAMBI-DANAU TELUK-TANJUNG RADEN-003.jpg;KOTA JAMBI-DANAU TELUK-TANJUNG RADEN-007.jpg;tidak;kedua koordinat sah;;
50;32.8;30-50 m;SAROLANGUN-BATANG ASAI-BATU EMPANG-003;SAROLANGUN-BATANG ASAI-BATU EMPANG-008;SAROLANGUN;BATANG ASAI;BATU EMPANG;102.234715;-2.627546;102.234994;-2.62745;28/02/2026;28/02/2026;Gubernur Jambi;SAROLANGUN-BATANG ASAI-BATU EMPANG-003.jpg;SAROLANGUN-BATANG ASAI-BATU EMPANG-008.jpg;tidak;kedua koordinat sah;;
51;33.2;30-50 m;KOTA JAMBI-JAMBI TIMUR-KASANG-002;KOTA JAMBI-JAMBI TIMUR-KASANG-001;KOTA JAMBI;JAMBI TIMUR;KASANG;103.62037;-1.58622;103.62039;-1.58652;23/02/2026;23/02/2026;Yuli Yuliarti;KOTA JAMBI-JAMBI TIMUR-KASANG-002.jpg;KOTA JAMBI-JAMBI TIMUR-KASANG-001.jpg;tidak;kedua koordinat sah;;
52;33.6;30-50 m;KOTA JAMBI-DANAU TELUK-TANJUNG RADEN-002;KOTA JAMBI-DANAU TELUK-TANJUNG RADEN-007;KOTA JAMBI;DANAU TELUK;TANJUNG RADEN;103.58651;-1.5849;103.586325;-1.58514;13/05/2026;26/05/2026;Gubernur Jambi;KOTA JAMBI-DANAU TELUK-TANJUNG RADEN-002.jpg;KOTA JAMBI-DANAU TELUK-TANJUNG RADEN-007.jpg;tidak;kedua koordinat sah;;
53;33.6;30-50 m;SAROLANGUN-BATANG ASAI-BATU EMPANG-002;SAROLANGUN-BATANG ASAI-BATU EMPANG-003;SAROLANGUN;BATANG ASAI;BATU EMPANG;102.234529;-2.627306;102.234715;-2.627546;28/02/2026;28/02/2026;Gubernur Jambi;SAROLANGUN-BATANG ASAI-BATU EMPANG-002.jpg;SAROLANGUN-BATANG ASAI-BATU EMPANG-003.jpg;tidak;kedua koordinat sah;;
54;33.9;30-50 m;KOTA JAMBI-DANAU TELUK-TANJUNG RADEN-007;KOTA JAMBI-DANAU TELUK-TANJUNG RADEN-013;KOTA JAMBI;DANAU TELUK;TANJUNG RADEN;103.586325;-1.58514;103.586622;-1.58521;26/05/2026;26/05/2026;Gubernur Jambi;KOTA JAMBI-DANAU TELUK-TANJUNG RADEN-007.jpg;KOTA JAMBI-DANAU TELUK-TANJUNG RADEN-013.jpg;tidak;kedua koordinat sah;;
55;35.2;30-50 m;MERANGIN-TIANG PUMPUNG-SEKANCING-012;MERANGIN-TIANG PUMPUNG-SEKANCING-013;MERANGIN;TIANG PUMPUNG;SEKANCING;102.186687;-2.25728;102.186595;-2.256975;28/06/2026;28/06/2026;Gubernur Jambi;MERANGIN-TIANG PUMPUNG-SEKANCING-012.jpg;MERANGIN-TIANG PUMPUNG-SEKANCING-013.jpg;tidak;kedua koordinat sah;;
56;35.5;30-50 m;MUARO BUNGO-SEPENGGAL LINTAS-LUBUK LANDAI-010;MUARO BUNGO-SEPENGGAL LINTAS-LUBUK LANDAI-012;MUARO BUNGO;SEPENGGAL LINTAS;LUBUK LANDAI;101.9438;-1.39864;101.9441;-1.39853;12/02/2026;12/02/2026;Hambali;MUARO BUNGO-SEPENGGAL LINTAS-LUBUK LANDAI-010.jpg;MUARO BUNGO-SEPENGGAL LINTAS-LUBUK LANDAI-012.jpg;tidak;kedua koordinat sah;;
57;35.6;30-50 m;TEBO-MUARA TABIR-EMBACANG GEDANG-004;TEBO-MUARA TABIR-EMBACANG GEDANG-006;TEBO;MUARA TABIR;EMBACANG GEDANG;102.51929;-1.6499;102.519275;-1.650222;03/06/2026;03/06/2026;Mazlan, S.Kom., M.E.;TEBO-MUARA TABIR-EMBACANG GEDANG-004.jpg;TEBO-MUARA TABIR-EMBACANG GEDANG-006.jpg;tidak;kedua koordinat sah;;
58;35.6;30-50 m;TEBO-MUARA TABIR-EMBACANG GEDANG-004;TEBO-MUARA TABIR-EMBACANG GEDANG-007;TEBO;MUARA TABIR;EMBACANG GEDANG;102.51929;-1.6499;102.519275;-1.650222;03/06/2026;03/06/2026;Mazlan, S.Kom., M.E.;TEBO-MUARA TABIR-EMBACANG GEDANG-004.jpg;TEBO-MUARA TABIR-EMBACANG GEDANG-007.jpg;tidak;salah satu menunggu ukur ulang;;
59;35.6;30-50 m;TEBO-MUARA TABIR-EMBACANG GEDANG-004;TEBO-MUARA TABIR-EMBACANG GEDANG-008;TEBO;MUARA TABIR;EMBACANG GEDANG;102.51929;-1.6499;102.519275;-1.650222;03/06/2026;03/06/2026;Mazlan, S.Kom., M.E.;TEBO-MUARA TABIR-EMBACANG GEDANG-004.jpg;TEBO-MUARA TABIR-EMBACANG GEDANG-008.jpg;tidak;salah satu menunggu ukur ulang;;
60;35.6;30-50 m;TEBO-MUARA TABIR-EMBACANG GEDANG-004;TEBO-MUARA TABIR-EMBACANG GEDANG-009;TEBO;MUARA TABIR;EMBACANG GEDANG;102.51929;-1.6499;102.519275;-1.650222;03/06/2026;03/06/2026;Mazlan, S.Kom., M.E.;TEBO-MUARA TABIR-EMBACANG GEDANG-004.jpg;TEBO-MUARA TABIR-EMBACANG GEDANG-009.jpg;tidak;salah satu menunggu ukur ulang;;
61;35.6;30-50 m;TEBO-MUARA TABIR-EMBACANG GEDANG-004;TEBO-MUARA TABIR-EMBACANG GEDANG-010;TEBO;MUARA TABIR;EMBACANG GEDANG;102.51929;-1.6499;102.519275;-1.650222;03/06/2026;03/06/2026;Mazlan, S.Kom., M.E.;TEBO-MUARA TABIR-EMBACANG GEDANG-004.jpg;TEBO-MUARA TABIR-EMBACANG GEDANG-010.jpg;tidak;salah satu menunggu ukur ulang;;
62;35.7;30-50 m;MERANGIN-BATANG MASUMAI-SALAM BUKU-004;MERANGIN-BATANG MASUMAI-SALAM BUKU-005;MERANGIN;BATANG MASUMAI;SALAM BUKU;102.261125;-2.062162;102.260833;-2.062028;09/07/2026;09/07/2026;Fauzi Ansori;MERANGIN-BATANG MASUMAI-SALAM BUKU-004.jpg;MERANGIN-BATANG MASUMAI-SALAM BUKU-005.jpg;tidak;kedua koordinat sah;;
63;36.0;30-50 m;MERANGIN-PAMENANG-PAMENANG-005;MERANGIN-PAMENANG-PAMENANG-006;MERANGIN;PAMENANG;PAMENANG;102.51771;-2.11819;102.51798;-2.11837;27/02/2026;27/02/2026;Buya Syaparudin;MERANGIN-PAMENANG-PAMENANG-005.jpg;MERANGIN-PAMENANG-PAMENANG-006.jpg;tidak;kedua koordinat sah;;
64;36.2;30-50 m;MERANGIN-TIANG PUMPUNG-SEKANCING-014;MERANGIN-TIANG PUMPUNG-SEKANCING-016;MERANGIN;TIANG PUMPUNG;SEKANCING;102.18649;-2.256537;102.18656;-2.256217;28/06/2026;28/06/2026;Gubernur Jambi;MERANGIN-TIANG PUMPUNG-SEKANCING-014.jpg;MERANGIN-TIANG PUMPUNG-SEKANCING-016.jpg;tidak;kedua koordinat sah;;
65;36.5;30-50 m;KOTA JAMBI-DANAU TELUK-TANJUNG RADEN-002;KOTA JAMBI-DANAU TELUK-TANJUNG RADEN-013;KOTA JAMBI;DANAU TELUK;TANJUNG RADEN;103.58651;-1.5849;103.586622;-1.58521;13/05/2026;26/05/2026;Gubernur Jambi;KOTA JAMBI-DANAU TELUK-TANJUNG RADEN-002.jpg;KOTA JAMBI-DANAU TELUK-TANJUNG RADEN-013.jpg;tidak;kedua koordinat sah;;
66;37.7;30-50 m;KOTA JAMBI-KOTA BARU-RAWA SARI-001;KOTA JAMBI-KOTA BARU-RAWA SARI-002;KOTA JAMBI;KOTA BARU;RAWA SARI;103.568173;-1.620498;103.56845;-1.620695;26/06/2026;26/06/2026;Gubernur Jambi;KOTA JAMBI-KOTA BARU-RAWA SARI-001.jpg;KOTA JAMBI-KOTA BARU-RAWA SARI-002.jpg;tidak;kedua koordinat sah;;
67;37.9;30-50 m;KERINCI-GUNUNG KERINCI-SIULAK DERAS MUDIK-001;KERINCI-GUNUNG KERINCI-SIULAK DERAS MUDIK-002;KERINCI;GUNUNG KERINCI;SIULAK DERAS MUDIK;101.30026;-1.89648;101.29992;-1.89646;11/06/2026;11/06/2026;Arwiyanto, S.E.;KERINCI-GUNUNG KERINCI-SIULAK DERAS MUDIK-001.jpg;KERINCI-GUNUNG KERINCI-SIULAK DERAS MUDIK-002.jpg;tidak;kedua koordinat sah;;
68;40.1;30-50 m;MERANGIN-TIANG PUMPUNG-SEKANCING-019;MERANGIN-TIANG PUMPUNG-SEKANCING-020;MERANGIN;TIANG PUMPUNG;SEKANCING;102.185288;-2.256433;102.185517;-2.256713;28/06/2026;28/06/2026;Gubernur Jambi;MERANGIN-TIANG PUMPUNG-SEKANCING-019.jpg;MERANGIN-TIANG PUMPUNG-SEKANCING-020.jpg;tidak;kedua koordinat sah;;
69;40.3;30-50 m;KOTA JAMBI-DANAU TELUK-TANJUNG RADEN-001;KOTA JAMBI-DANAU TELUK-TANJUNG RADEN-007;KOTA JAMBI;DANAU TELUK;TANJUNG RADEN;103.58653;-1.58544;103.586325;-1.58514;13/05/2026;26/05/2026;Gubernur Jambi;KOTA JAMBI-DANAU TELUK-TANJUNG RADEN-001.jpg;KOTA JAMBI-DANAU TELUK-TANJUNG RADEN-007.jpg;tidak;kedua koordinat sah;;
70;40.6;30-50 m;KOTA JAMBI-KOTA BARU-KENALI BESAR-008;KOTA JAMBI-KOTA BARU-KENALI BESAR-009;KOTA JAMBI;KOTA BARU;KENALI BESAR;103.542007;-1.631125;103.542006;-1.631492;26/06/2026;26/06/2026;Gubernur Jambi;KOTA JAMBI-KOTA BARU-KENALI BESAR-008.jpg;KOTA JAMBI-KOTA BARU-KENALI BESAR-009.jpg;tidak;kedua koordinat sah;;
71;40.7;30-50 m;TEBO-MUARA TABIR-EMBACANG GEDANG-003;TEBO-MUARA TABIR-EMBACANG GEDANG-005;TEBO;MUARA TABIR;EMBACANG GEDANG;102.51943;-1.6498;102.519337;-1.650156;03/06/2026;03/06/2026;Mazlan, S.Kom., M.E.;TEBO-MUARA TABIR-EMBACANG GEDANG-003.jpg;TEBO-MUARA TABIR-EMBACANG GEDANG-005.jpg;tidak;kedua koordinat sah;;
72;41.4;30-50 m;KOTA JAMBI-DANAU TELUK-TANJUNG RADEN-007;KOTA JAMBI-DANAU TELUK-TANJUNG RADEN-008;KOTA JAMBI;DANAU TELUK;TANJUNG RADEN;103.586325;-1.58514;103.586269;-1.58551;26/05/2026;26/05/2026;Gubernur Jambi;KOTA JAMBI-DANAU TELUK-TANJUNG RADEN-007.jpg;KOTA JAMBI-DANAU TELUK-TANJUNG RADEN-008.jpg;tidak;kedua koordinat sah;;
73;41.6;30-50 m;MERANGIN-TIANG PUMPUNG-SEKANCING-001;MERANGIN-TIANG PUMPUNG-SEKANCING-002;MERANGIN;TIANG PUMPUNG;SEKANCING;102.187706;-2.255436;102.187755;-2.255063;28/06/2026;28/06/2026;Gubernur Jambi;MERANGIN-TIANG PUMPUNG-SEKANCING-001.jpg;MERANGIN-TIANG PUMPUNG-SEKANCING-002.jpg;tidak;kedua koordinat sah;;
74;41.7;30-50 m;KOTA JAMBI-JAMBI TIMUR-KASANG JAYA-005;KOTA JAMBI-JAMBI TIMUR-KASANG JAYA-006;KOTA JAMBI;JAMBI TIMUR;KASANG JAYA;103.6307;-1.58789;103.63046;-1.5876;13/05/2026;13/05/2026;Putra Absor Hasibuan, S.H.;KOTA JAMBI-JAMBI TIMUR-KASANG JAYA-005.jpg;KOTA JAMBI-JAMBI TIMUR-KASANG JAYA-006.jpg;tidak;salah satu menunggu ukur ulang;;
75;41.7;30-50 m;KOTA JAMBI-JAMBI TIMUR-KASANG JAYA-006;KOTA JAMBI-JAMBI TIMUR-KASANG JAYA-007;KOTA JAMBI;JAMBI TIMUR;KASANG JAYA;103.63046;-1.5876;103.6307;-1.58789;13/05/2026;13/05/2026;Putra Absor Hasibuan, S.H.;KOTA JAMBI-JAMBI TIMUR-KASANG JAYA-006.jpg;KOTA JAMBI-JAMBI TIMUR-KASANG JAYA-007.jpg;tidak;salah satu menunggu ukur ulang;;
76;41.8;30-50 m;TANJUNG JABUNG TIMUR-MUARA SABAK TIMUR-LAMBUR I-001;TANJUNG JABUNG TIMUR-MUARA SABAK TIMUR-LAMBUR I-002;TANJUNG JABUNG TIMUR;MUARA SABAK TIMUR;LAMBUR I;103.97462;-1.11112;103.97482;-1.1108;03/08/2026;03/08/2026;Yudhi (NasDem);TANJUNG JABUNG TIMUR-MUARA SABAK TIMUR-LAMBUR I-001.jpg;TANJUNG JABUNG TIMUR-MUARA SABAK TIMUR-LAMBUR I-002.jpg;tidak;kedua koordinat sah;;
77;42.4;30-50 m;TEBO-TEBO TENGAH-BEDARO RAMPAK-001;TEBO-TEBO TENGAH-BEDARO RAMPAK-004;TEBO;TEBO TENGAH;BEDARO RAMPAK;102.44415;-1.46117;102.4442;-1.46155;12/02/2026;12/02/2026;Eka Majid;TEBO-TEBO TENGAH-BEDARO RAMPAK-001.jpg;TEBO-TEBO TENGAH-BEDARO RAMPAK-004.jpg;tidak;kedua koordinat sah;;
78;42.7;30-50 m;MUARO BUNGO-SEPENGGAL LINTAS-LUBUK LANDAI-001;MUARO BUNGO-SEPENGGAL LINTAS-LUBUK LANDAI-003;MUARO BUNGO;SEPENGGAL LINTAS;LUBUK LANDAI;101.953327;-1.401249;101.95341;-1.400872;12/02/2026;12/02/2026;Hambali;MUARO BUNGO-SEPENGGAL LINTAS-LUBUK LANDAI-001.jpg;MUARO BUNGO-SEPENGGAL LINTAS-LUBUK LANDAI-003.jpg;tidak;kedua koordinat sah;;
79;43.1;30-50 m;KERINCI-GUNUNG KERINCI-SIULAK DERAS MUDIK-005;KERINCI-GUNUNG KERINCI-SIULAK DERAS MUDIK-006;KERINCI;GUNUNG KERINCI;SIULAK DERAS MUDIK;101.29866;-1.89518;101.29847;-1.89484;11/06/2026;11/06/2026;Arwiyanto, S.E.;KERINCI-GUNUNG KERINCI-SIULAK DERAS MUDIK-005.jpg;KERINCI-GUNUNG KERINCI-SIULAK DERAS MUDIK-006.jpg;tidak;kedua koordinat sah;;
80;43.4;30-50 m;MUARO BUNGO-SEPENGGAL LINTAS-LUBUK LANDAI-001;MUARO BUNGO-SEPENGGAL LINTAS-LUBUK LANDAI-002;MUARO BUNGO;SEPENGGAL LINTAS;LUBUK LANDAI;101.953327;-1.401249;101.953416;-1.400867;12/02/2026;12/02/2026;Hambali;MUARO BUNGO-SEPENGGAL LINTAS-LUBUK LANDAI-001.jpg;MUARO BUNGO-SEPENGGAL LINTAS-LUBUK LANDAI-002.jpg;tidak;kedua koordinat sah;;
81;44.0;30-50 m;KOTA JAMBI-DANAU TELUK-TANJUNG RADEN-006;KOTA JAMBI-DANAU TELUK-TANJUNG RADEN-008;KOTA JAMBI;DANAU TELUK;TANJUNG RADEN;103.58649;-1.58518;103.586269;-1.58551;13/05/2026;26/05/2026;Gubernur Jambi;KOTA JAMBI-DANAU TELUK-TANJUNG RADEN-006.jpg;KOTA JAMBI-DANAU TELUK-TANJUNG RADEN-008.jpg;tidak;kedua koordinat sah;;
82;44.0;30-50 m;SAROLANGUN-BATANG ASAI-BATU EMPANG-003;SAROLANGUN-BATANG ASAI-BATU EMPANG-009;SAROLANGUN;BATANG ASAI;BATU EMPANG;102.234715;-2.627546;102.234956;-2.62723;28/02/2026;28/02/2026;Gubernur Jambi;SAROLANGUN-BATANG ASAI-BATU EMPANG-003.jpg;SAROLANGUN-BATANG ASAI-BATU EMPANG-009.jpg;tidak;kedua koordinat sah;;
83;45.2;30-50 m;MERANGIN-TIANG PUMPUNG-SEKANCING-001;MERANGIN-TIANG PUMPUNG-SEKANCING-003;MERANGIN;TIANG PUMPUNG;SEKANCING;102.187706;-2.255436;102.18785;-2.255818;28/06/2026;28/06/2026;Gubernur Jambi;MERANGIN-TIANG PUMPUNG-SEKANCING-001.jpg;MERANGIN-TIANG PUMPUNG-SEKANCING-003.jpg;tidak;kedua koordinat sah;;
84;45.9;30-50 m;KERINCI-GUNUNG KERINCI-SIULAK DERAS MUDIK-006;KERINCI-GUNUNG KERINCI-SIULAK DERAS MUDIK-007;KERINCI;GUNUNG KERINCI;SIULAK DERAS MUDIK;101.29847;-1.89484;101.29836;-1.89444;11/06/2026;11/06/2026;Arwiyanto, S.E.;KERINCI-GUNUNG KERINCI-SIULAK DERAS MUDIK-006.jpg;KERINCI-GUNUNG KERINCI-SIULAK DERAS MUDIK-007.jpg;tidak;kedua koordinat sah;;
85;47.3;30-50 m;KOTA JAMBI-TELANAIPURA-TELANAIPURA-001;KOTA JAMBI-TELANAIPURA-TELANAIPURA-006;KOTA JAMBI;TELANAIPURA;TELANAIPURA;103.57719;-1.60632;103.57692;-1.60599;26/06/2026;26/06/2026;Gubernur Jambi;KOTA JAMBI-TELANAIPURA-TELANAIPURA-001.png;KOTA JAMBI-TELANAIPURA-TELANAIPURA-006.png;tidak;kedua koordinat sah;;
86;47.7;30-50 m;TEBO-TEBO TENGAH-BEDARO RAMPAK-001;TEBO-TEBO TENGAH-BEDARO RAMPAK-002;TEBO;TEBO TENGAH;BEDARO RAMPAK;102.44415;-1.46117;102.44376;-1.46099;12/02/2026;12/02/2026;Eka Majid;TEBO-TEBO TENGAH-BEDARO RAMPAK-001.jpg;TEBO-TEBO TENGAH-BEDARO RAMPAK-002.jpg;tidak;kedua koordinat sah;;
87;47.8;30-50 m;SAROLANGUN-BATANG ASAI-BATU EMPANG-001;SAROLANGUN-BATANG ASAI-BATU EMPANG-002;SAROLANGUN;BATANG ASAI;BATU EMPANG;102.234314;-2.626932;102.234529;-2.627306;28/02/2026;28/02/2026;Gubernur Jambi;SAROLANGUN-BATANG ASAI-BATU EMPANG-001.jpg;SAROLANGUN-BATANG ASAI-BATU EMPANG-002.jpg;tidak;kedua koordinat sah;;
88;47.9;30-50 m;SAROLANGUN-BATANG ASAI-BATU EMPANG-013;SAROLANGUN-BATANG ASAI-BATU EMPANG-014;SAROLANGUN;BATANG ASAI;BATU EMPANG;102.23502;-2.62936;102.23534;-2.62907;12/02/2026;12/02/2026;Gubernur Jambi;SAROLANGUN-BATANG ASAI-BATU EMPANG-013.jpg;SAROLANGUN-BATANG ASAI-BATU EMPANG-014.jpg;tidak;kedua koordinat sah;;
89;48.0;30-50 m;SAROLANGUN-SINGKUT-PAYO LEBAR-003;SAROLANGUN-SINGKUT-PAYO LEBAR-004;SAROLANGUN;SINGKUT;PAYO LEBAR;102.7238306;-2.479888889;102.7237417;-2.480313889;09/07/2026;09/07/2026;Ridwan;SAROLANGUN-SINGKUT-PAYO LEBAR-003.jpg;SAROLANGUN-SINGKUT-PAYO LEBAR-004.jpg;tidak;kedua koordinat sah;;
90;48.2;30-50 m;SAROLANGUN-BATANG ASAI-BATU EMPANG-002;SAROLANGUN-BATANG ASAI-BATU EMPANG-009;SAROLANGUN;BATANG ASAI;BATU EMPANG;102.234529;-2.627306;102.234956;-2.62723;28/02/2026;28/02/2026;Gubernur Jambi;SAROLANGUN-BATANG ASAI-BATU EMPANG-002.jpg;SAROLANGUN-BATANG ASAI-BATU EMPANG-009.jpg;tidak;kedua koordinat sah;;
91;48.3;30-50 m;TEBO-VII KOTO-TELUK KAYU PUTIH-001;TEBO-VII KOTO-TELUK KAYU PUTIH-002;TEBO;VII KOTO;TELUK KAYU PUTIH;101.99115;-1.17019;101.99138;-1.17056;26/02/2026;26/02/2026;Muthsaharudin;TEBO-VII KOTO-TELUK KAYU PUTIH-001.jpg;TEBO-VII KOTO-TELUK KAYU PUTIH-002.jpg;tidak;kedua koordinat sah;;
92;48.5;30-50 m;MERANGIN-PAMENANG-REJO SARI-001;MERANGIN-PAMENANG-REJO SARI-002;MERANGIN;PAMENANG;REJO SARI;102.49671;-2.16661;102.49714;-2.16654;27/02/2026;27/02/2026;Buya Syaparudin;MERANGIN-PAMENANG-REJO SARI-001.jpg;MERANGIN-PAMENANG-REJO SARI-002.jpg;tidak;kedua koordinat sah;;
93;48.8;30-50 m;MERANGIN-TIANG PUMPUNG-SEKANCING-022;MERANGIN-TIANG PUMPUNG-SEKANCING-023;MERANGIN;TIANG PUMPUNG;SEKANCING;102.180588;-2.253273;102.180487;-2.252843;28/06/2026;28/06/2026;Gubernur Jambi;MERANGIN-TIANG PUMPUNG-SEKANCING-022.jpg;MERANGIN-TIANG PUMPUNG-SEKANCING-023.jpg;tidak;kedua koordinat sah;;
94;48.9;30-50 m;KOTA JAMBI-KOTA BARU-RAWA SARI-001;KOTA JAMBI-KOTA BARU-RAWA SARI-011;KOTA JAMBI;KOTA BARU;RAWA SARI;103.568173;-1.620498;103.56784;-1.62021;26/06/2026;25/06/2026;Gubernur Jambi;KOTA JAMBI-KOTA BARU-RAWA SARI-001.jpg;KOTA JAMBI-KOTA BARU-RAWA SARI-011.png;tidak;kedua koordinat sah;;
95;49.0;30-50 m;TANJUNG JABUNG TIMUR-KUALA JAMBI-MAJELIS HIDAYAH-001;TANJUNG JABUNG TIMUR-KUALA JAMBI-MAJELIS HIDAYAH-002;TANJUNG JABUNG TIMUR;KUALA JAMBI;MAJELIS HIDAYAH;103.808;-1.04889;103.80795;-1.04845;11/06/2026;11/06/2026;Gubernur Jambi;TANJUNG JABUNG TIMUR-KUALA JAMBI-MAJELIS HIDAYAH-001.jpg;TANJUNG JABUNG TIMUR-KUALA JAMBI-MAJELIS HIDAYAH-002.jpg;tidak;kedua koordinat sah;;
96;49.1;30-50 m;TEBO-MUARA TABIR-PINTAS TUO-007;TEBO-MUARA TABIR-PINTAS TUO-008;TEBO;MUARA TABIR;PINTAS TUO;102.55072;-1.65495;102.550372;-1.654677;03/06/2026;03/06/2026;Mazlan, S.Kom., M.E.;TEBO-MUARA TABIR-PINTAS TUO-007.jpg;TEBO-MUARA TABIR-PINTAS TUO-008.jpg;tidak;kedua koordinat sah;;
97;49.3;30-50 m;MERANGIN-TIANG PUMPUNG-SEKANCING-019;MERANGIN-TIANG PUMPUNG-SEKANCING-029;MERANGIN;TIANG PUMPUNG;SEKANCING;102.185288;-2.256433;102.185592;-2.256757;28/06/2026;29/06/2026;Gubernur Jambi;MERANGIN-TIANG PUMPUNG-SEKANCING-019.jpg;MERANGIN-TIANG PUMPUNG-SEKANCING-029.jpg;tidak;kedua koordinat sah;;
98;49.3;30-50 m;KOTA JAMBI-KOTA BARU-KENALI BESAR-006;KOTA JAMBI-KOTA BARU-KENALI BESAR-008;KOTA JAMBI;KOTA BARU;KENALI BESAR;103.542243;-1.630748;103.542007;-1.631125;26/06/2026;26/06/2026;Gubernur Jambi;KOTA JAMBI-KOTA BARU-KENALI BESAR-006.jpg;KOTA JAMBI-KOTA BARU-KENALI BESAR-008.jpg;tidak;kedua koordinat sah;;
99;49.6;30-50 m;TANJUNG JABUNG TIMUR-MUARA SABAK TIMUR-MUARA SABAK ILIR-001;TANJUNG JABUNG TIMUR-MUARA SABAK TIMUR-MUARA SABAK ILIR-002;TANJUNG JABUNG TIMUR;MUARA SABAK TIMUR;MUARA SABAK ILIR;103.85089;-1.12494;103.85123;-1.12465;03/08/2026;03/08/2026;Yudhi (NasDem);TANJUNG JABUNG TIMUR-MUARA SABAK TIMUR-MUARA SABAK ILIR-001.jpg;TANJUNG JABUNG TIMUR-MUARA SABAK TIMUR-MUARA SABAK ILIR-002.jpg;tidak;kedua koordinat sah;;
100;49.7;30-50 m;KOTA JAMBI-TELANAIPURA-TELANAIPURA-002;KOTA JAMBI-TELANAIPURA-TELANAIPURA-005;KOTA JAMBI;TELANAIPURA;TELANAIPURA;103.57677;-1.60533;103.57637;-1.60553;26/06/2026;26/06/2026;Gubernur Jambi;KOTA JAMBI-TELANAIPURA-TELANAIPURA-002.png;KOTA JAMBI-TELANAIPURA-TELANAIPURA-005.png;tidak;kedua koordinat sah;;
101;49.7;30-50 m;TEBO-MUARA TABIR-EMBACANG GEDANG-003;TEBO-MUARA TABIR-EMBACANG GEDANG-006;TEBO;MUARA TABIR;EMBACANG GEDANG;102.51943;-1.6498;102.519275;-1.650222;03/06/2026;03/06/2026;Mazlan, S.Kom., M.E.;TEBO-MUARA TABIR-EMBACANG GEDANG-003.jpg;TEBO-MUARA TABIR-EMBACANG GEDANG-006.jpg;tidak;kedua koordinat sah;;
102;49.7;30-50 m;TEBO-MUARA TABIR-EMBACANG GEDANG-003;TEBO-MUARA TABIR-EMBACANG GEDANG-007;TEBO;MUARA TABIR;EMBACANG GEDANG;102.51943;-1.6498;102.519275;-1.650222;03/06/2026;03/06/2026;Mazlan, S.Kom., M.E.;TEBO-MUARA TABIR-EMBACANG GEDANG-003.jpg;TEBO-MUARA TABIR-EMBACANG GEDANG-007.jpg;tidak;salah satu menunggu ukur ulang;;
103;49.7;30-50 m;TEBO-MUARA TABIR-EMBACANG GEDANG-003;TEBO-MUARA TABIR-EMBACANG GEDANG-008;TEBO;MUARA TABIR;EMBACANG GEDANG;102.51943;-1.6498;102.519275;-1.650222;03/06/2026;03/06/2026;Mazlan, S.Kom., M.E.;TEBO-MUARA TABIR-EMBACANG GEDANG-003.jpg;TEBO-MUARA TABIR-EMBACANG GEDANG-008.jpg;tidak;salah satu menunggu ukur ulang;;
104;49.7;30-50 m;TEBO-MUARA TABIR-EMBACANG GEDANG-003;TEBO-MUARA TABIR-EMBACANG GEDANG-009;TEBO;MUARA TABIR;EMBACANG GEDANG;102.51943;-1.6498;102.519275;-1.650222;03/06/2026;03/06/2026;Mazlan, S.Kom., M.E.;TEBO-MUARA TABIR-EMBACANG GEDANG-003.jpg;TEBO-MUARA TABIR-EMBACANG GEDANG-009.jpg;tidak;salah satu menunggu ukur ulang;;
105;49.7;30-50 m;TEBO-MUARA TABIR-EMBACANG GEDANG-003;TEBO-MUARA TABIR-EMBACANG GEDANG-010;TEBO;MUARA TABIR;EMBACANG GEDANG;102.51943;-1.6498;102.519275;-1.650222;03/06/2026;03/06/2026;Mazlan, S.Kom., M.E.;TEBO-MUARA TABIR-EMBACANG GEDANG-003.jpg;TEBO-MUARA TABIR-EMBACANG GEDANG-010.jpg;tidak;salah satu menunggu ukur ulang;;
106;49.8;30-50 m;MERANGIN-TIANG PUMPUNG-SEKANCING-013;MERANGIN-TIANG PUMPUNG-SEKANCING-014;MERANGIN;TIANG PUMPUNG;SEKANCING;102.186595;-2.256975;102.18649;-2.256537;28/06/2026;28/06/2026;Gubernur Jambi;MERANGIN-TIANG PUMPUNG-SEKANCING-013.jpg;MERANGIN-TIANG PUMPUNG-SEKANCING-014.jpg;tidak;kedua koordinat sah;;
